global_index,tif_path,tif_exists,satellite,date,hour_utc,tile,region,ic_frac,ic_note
0,/mnt/research/v.gomezgilyaspik/students/smishra/S2-iceberg-areas/S2UnetPlusPlus/imgs/S2B_MSIL1C_20200830T135739_N0500_R010_T25WER_20230321T193340_pB5_40_2_.tif,True,S2B,2020-08-30,13,T25WER,KQ,0.0176,ok
1,/mnt/research/v.gomezgilyaspik/students/smishra/S2-iceberg-areas/S2UnetPlusPlus/imgs/S2A_MSIL1C_20170831T140011_N0500_R010_T25WER_20230831T055412_pB5_6_12_.tif,True,S2A,2017-08-31,14,T25WER,KQ,0.0,otsu_failed
2,/mnt/research/v.gomezgilyaspik/students/smishra/S2-iceberg-areas/S2UnetPlusPlus/imgs/S2A_MSIL1C_20190817T141951_N0500_R096_T24WWU_20230503T120828_pB5_10_24_.tif,True,S2A,2019-08-17,14,T24WWU,SK,0.0,otsu_failed
3,/mnt/research/v.gomezgilyaspik/students/smishra/S2-iceberg-areas/S2UnetPlusPlus/imgs/S2A_MSIL1C_20210729T145921_N0500_R125_T22WES_20230122T163521_pB5_12_15_.tif,True,S2A,2021-07-29,14,T22WES,SK,0.0,otsu_failed
4,/mnt/research/v.gomezgilyaspik/students/smishra/S2-iceberg-areas/S2UnetPlusPlus/imgs/S2A_MSIL1C_20210731T153911_N0500_R011_T22WDB_20230224T225255_pB5_34_3_.tif,True,S2A,2021-07-31,15,T22WDB,SK,0.0,otsu_failed
5,/mnt/research/v.gomezgilyaspik/students/smishra/S2-iceberg-areas/S2UnetPlusPlus/imgs/S2A_MSIL1C_20170831T140011_N0500_R010_T25WER_20230831T055412_pB5_11_22_.tif,True,S2A,2017-08-31,14,T25WER,KQ,0.0,otsu_failed
6,/mnt/research/v.gomezgilyaspik/students/smishra/S2-iceberg-areas/S2UnetPlusPlus/imgs/S2B_MSIL1C_20190714T134739_N0500_R110_T25WER_20230528T040828_pB5_36_0_.tif,True,S2B,2019-07-14,13,T25WER,KQ,0.0,otsu_failed
7,/mnt/research/v.gomezgilyaspik/students/smishra/S2-iceberg-areas/S2UnetPlusPlus/imgs/S2A_MSIL1C_20160725T145922_N0500_R125_T22WES_20231004T134617_pB5_25_24_.tif,True,S2A,2016-07-25,14,T22WES,SK,0.0,otsu_failed
8,/mnt/research/v.gomezgilyaspik/students/smishra/S2-iceberg-areas/S2UnetPlusPlus/imgs/S2B_MSIL1C_20200827T134729_N0500_R110_T25WER_20230402T232045_pB5_38_1_.tif,True,S2B,2020-08-27,13,T25WER,KQ,0.0,otsu_failed
9,/mnt/research/v.gomezgilyaspik/students/smishra/S2-iceberg-areas/S2UnetPlusPlus/imgs/S2B_MSIL1C_20200704T140739_N0500_R053_T24WWU_20230320T152013_pB5_27_13_.tif,True,S2B,2020-07-04,14,T24WWU,SK,0.0,otsu_failed
10,/mnt/research/v.gomezgilyaspik/students/smishra/S2-iceberg-areas/S2UnetPlusPlus/imgs/S2B_MSIL1C_20170809T141009_N0500_R053_T24WWU_20230804T231749_pB5_17_21_.tif,True,S2B,2017-08-09,14,T24WWU,SK,0.1281,ok
11,/mnt/research/v.gomezgilyaspik/students/smishra/S2-iceberg-areas/S2UnetPlusPlus/imgs/S2A_MSIL1C_20180721T151911_N0500_R068_T22WDC_20230713T225440_pB5_29_28_.tif,True,S2A,2018-07-21,15,T22WDC,SK,0.0102,ok
12,/mnt/research/v.gomezgilyaspik/students/smishra/S2-iceberg-areas/S2UnetPlusPlus/imgs/S2A_MSIL1C_20210817T152911_N0500_R111_T22WDB_20230117T070154_pB5_11_39_.tif,True,S2A,2021-08-17,15,T22WDB,SK,0.0,otsu_failed
13,/mnt/research/v.gomezgilyaspik/students/smishra/S2-iceberg-areas/S2UnetPlusPlus/imgs/S2B_MSIL1C_20230709T140739_N0509_R053_T24WWU_20230709T161152_pB5_26_20_.tif,True,S2B,2023-07-09,14,T24WWU,SK,0.0421,ok
14,/mnt/research/v.gomezgilyaspik/students/smishra/S2-iceberg-areas/S2UnetPlusPlus/imgs/S2B_MSIL1C_20170730T141009_N0500_R053_T25WES_20230901T040701_pB5_36_8_.tif,True,S2B,2017-07-30,14,T25WES,KQ,0.0894,ok
15,/mnt/research/v.gomezgilyaspik/students/smishra/S2-iceberg-areas/S2UnetPlusPlus/imgs/S2A_MSIL1C_20160923T145932_N0500_R125_T22WES_20231006T022513_pB5_19_16_.tif,True,S2A,2016-09-23,14,T22WES,SK,0.0,otsu_failed
16,/mnt/research/v.gomezgilyaspik/students/smishra/S2-iceberg-areas/S2UnetPlusPlus/imgs/S2A_MSIL1C_20190705T141011_N0500_R053_T24WWU_20230603T191421_pB5_6_15_.tif,True,S2A,2019-07-05,14,T24WWU,SK,0.0,otsu_failed
17,/mnt/research/v.gomezgilyaspik/students/smishra/S2-iceberg-areas/S2UnetPlusPlus/imgs/S2A_MSIL1C_20170831T140011_N0500_R010_T25WER_20230831T055412_pB5_10_19_.tif,True,S2A,2017-08-31,14,T25WER,KQ,0.0,otsu_failed
18,/mnt/research/v.gomezgilyaspik/students/smishra/S2-iceberg-areas/S2UnetPlusPlus/imgs/S2B_MSIL1C_20230709T140739_N0509_R053_T24WWU_20230709T161152_pB5_13_20_.tif,True,S2B,2023-07-09,14,T24WWU,SK,0.0,otsu_failed
19,/mnt/research/v.gomezgilyaspik/students/smishra/S2-iceberg-areas/S2UnetPlusPlus/imgs/S2A_MSIL1C_20210729T145921_N0500_R125_T22WES_20230122T163521_pB5_23_22_.tif,True,S2A,2021-07-29,14,T22WES,SK,0.0,otsu_failed
20,/mnt/research/v.gomezgilyaspik/students/smishra/S2-iceberg-areas/S2UnetPlusPlus/imgs/S2B_MSIL1C_20240911T140739_N0511_R053_T24WWU_20240911T160952_pB5_13_22_.tif,True,S2B,2024-09-11,14,T24WWU,SK,0.2894,ok
21,/mnt/research/v.gomezgilyaspik/students/smishra/S2-iceberg-areas/S2UnetPlusPlus/imgs/S2B_MSIL1C_20220714T140739_N0400_R053_T24WWU_20220714T173724_pB4_7_23_.tif,True,S2B,2022-07-14,14,T24WWU,SK,0.0,otsu_failed
22,/mnt/research/v.gomezgilyaspik/students/smishra/S2-iceberg-areas/S2UnetPlusPlus/imgs/S2A_MSIL1C_20240824T140041_N0511_R010_T25WER_20240824T174017_pB5_2_7_.tif,True,S2A,2024-08-24,14,T25WER,KQ,0.0,otsu_failed
23,/mnt/research/v.gomezgilyaspik/students/smishra/S2-iceberg-areas/S2UnetPlusPlus/imgs/S2A_MSIL1C_20160923T145932_N0500_R125_T22WES_20231006T022513_pB5_11_15_.tif,True,S2A,2016-09-23,14,T22WES,SK,0.306,ok
24,/mnt/research/v.gomezgilyaspik/students/smishra/S2-iceberg-areas/S2UnetPlusPlus/imgs/S2A_MSIL1C_20170722T153911_N0500_R011_T22WDB_20231008T062148_pB5_12_37_.tif,True,S2A,2017-07-22,15,T22WDB,SK,0.0,otsu_failed
25,/mnt/research/v.gomezgilyaspik/students/smishra/S2-iceberg-areas/S2UnetPlusPlus/imgs/S2B_MSIL1C_20180913T140829_N0500_R053_T24WWU_20230707T095241_pB5_23_11_.tif,True,S2B,2018-09-13,14,T24WWU,SK,0.0,otsu_failed
26,/mnt/research/v.gomezgilyaspik/students/smishra/S2-iceberg-areas/S2UnetPlusPlus/imgs/S2A_MSIL1C_20160725T145922_N0500_R125_T22WES_20231004T134617_pB5_6_6_.tif,True,S2A,2016-07-25,14,T22WES,SK,0.0,otsu_failed
27,/mnt/research/v.gomezgilyaspik/students/smishra/S2-iceberg-areas/S2UnetPlusPlus/imgs/S2A_MSIL1C_20160923T145932_N0500_R125_T22WES_20231006T022513_pB5_8_8_.tif,True,S2A,2016-09-23,14,T22WES,SK,0.0,otsu_failed
28,/mnt/research/v.gomezgilyaspik/students/smishra/S2-iceberg-areas/S2UnetPlusPlus/imgs/S2A_MSIL1C_20160923T145932_N0500_R125_T22WES_20231006T022513_pB5_16_14_.tif,True,S2A,2016-09-23,14,T22WES,SK,0.0,otsu_failed
29,/mnt/research/v.gomezgilyaspik/students/smishra/S2-iceberg-areas/S2UnetPlusPlus/imgs/S2A_MSIL1C_20180723T141951_N0500_R096_T24WWU_20230628T041823_pB5_7_17_.tif,True,S2A,2018-07-23,14,T24WWU,SK,0.0,otsu_failed
30,/mnt/research/v.gomezgilyaspik/students/smishra/S2-iceberg-areas/S2UnetPlusPlus/imgs/S2B_MSIL1C_20210917T140729_N0500_R053_T24WWU_20230115T022255_pB5_15_25_.tif,True,S2B,2021-09-17,14,T24WWU,SK,0.0,otsu_failed
31,/mnt/research/v.gomezgilyaspik/students/smishra/S2-iceberg-areas/S2UnetPlusPlus/imgs/S2A_MSIL1C_20160923T145932_N0500_R125_T22WES_20231006T022513_pB5_22_19_.tif,True,S2A,2016-09-23,14,T22WES,SK,0.0,otsu_failed
32,/mnt/research/v.gomezgilyaspik/students/smishra/S2-iceberg-areas/S2UnetPlusPlus/imgs/S2A_MSIL1C_20170831T140011_N0500_R010_T25WER_20230831T055412_pB5_18_17_.tif,True,S2A,2017-08-31,14,T25WER,KQ,0.021,ok
33,/mnt/research/v.gomezgilyaspik/students/smishra/S2-iceberg-areas/S2UnetPlusPlus/imgs/S2A_MSIL1C_20160923T145932_N0500_R125_T22WES_20231006T022513_pB5_26_25_.tif,True,S2A,2016-09-23,14,T22WES,SK,0.0,otsu_failed
34,/mnt/research/v.gomezgilyaspik/students/smishra/S2-iceberg-areas/S2UnetPlusPlus/imgs/S2A_MSIL1C_20160725T145922_N0500_R125_T22WES_20231004T134617_pB5_14_14_.tif,True,S2A,2016-07-25,14,T22WES,SK,0.138,ok
35,/mnt/research/v.gomezgilyaspik/students/smishra/S2-iceberg-areas/S2UnetPlusPlus/imgs/S2A_MSIL1C_20160725T145922_N0500_R125_T22WES_20231004T134617_pB5_13_13_.tif,True,S2A,2016-07-25,14,T22WES,SK,0.0,otsu_failed
36,/mnt/research/v.gomezgilyaspik/students/smishra/S2-iceberg-areas/S2UnetPlusPlus/imgs/S2A_MSIL1C_20160822T155902_N0500_R097_T21WWU_20231026T124038_pB5_4_41_.tif,True,S2A,2016-08-22,15,T21WWU,SK,0.0015,ok
37,/mnt/research/v.gomezgilyaspik/students/smishra/S2-iceberg-areas/S2UnetPlusPlus/imgs/S2A_MSIL1C_20190903T141011_N0500_R053_T24WWU_20230501T094031_pB5_26_19_.tif,True,S2A,2019-09-03,14,T24WWU,SK,0.0442,ok
38,/mnt/research/v.gomezgilyaspik/students/smishra/S2-iceberg-areas/S2UnetPlusPlus/imgs/S2A_MSIL1C_20190903T141011_N0500_R053_T24WWU_20230501T094031_pB5_24_19_.tif,True,S2A,2019-09-03,14,T24WWU,SK,0.0244,ok
39,/mnt/research/v.gomezgilyaspik/students/smishra/S2-iceberg-areas/S2UnetPlusPlus/imgs/S2B_MSIL1C_20200830T135739_N0500_R010_T25WER_20230321T193340_pB5_39_4_.tif,True,S2B,2020-08-30,13,T25WER,KQ,0.0223,ok
40,/mnt/research/v.gomezgilyaspik/students/smishra/S2-iceberg-areas/S2UnetPlusPlus/imgs/S2B_MSIL1C_20170801T144919_N0500_R082_T22WES_20230804T124536_pB5_21_7_.tif,True,S2B,2017-08-01,14,T22WES,SK,0.0,otsu_failed
41,/mnt/research/v.gomezgilyaspik/students/smishra/S2-iceberg-areas/S2UnetPlusPlus/imgs/S2B_MSIL1C_20170803T152909_N0500_R111_T22WDC_20230826T072407_pB5_15_30_.tif,True,S2B,2017-08-03,15,T22WDC,SK,0.0136,ok
42,/mnt/research/v.gomezgilyaspik/students/smishra/S2-iceberg-areas/S2UnetPlusPlus/imgs/S2A_MSIL1C_20160830T151912_N0500_R068_T22WDB_20231020T235443_pB5_9_35_.tif,True,S2A,2016-08-30,15,T22WDB,SK,0.2191,ok
43,/mnt/research/v.gomezgilyaspik/students/smishra/S2-iceberg-areas/S2UnetPlusPlus/imgs/S2B_MSIL1C_20200823T140739_N0500_R053_T24WWU_20230321T131119_pB5_15_22_.tif,True,S2B,2020-08-23,14,T24WWU,SK,0.0351,ok
44,/mnt/research/v.gomezgilyaspik/students/smishra/S2-iceberg-areas/S2UnetPlusPlus/imgs/S2A_MSIL1C_20240824T140041_N0511_R010_T25WER_20240824T174017_pB5_37_0_.tif,True,S2A,2024-08-24,14,T25WER,KQ,0.1025,ok
45,/mnt/research/v.gomezgilyaspik/students/smishra/S2-iceberg-areas/S2UnetPlusPlus/imgs/S2A_MSIL1C_20160830T151912_N0500_R068_T22WDB_20231020T235443_pB5_9_36_.tif,True,S2A,2016-08-30,15,T22WDB,SK,0.0,otsu_failed
46,/mnt/research/v.gomezgilyaspik/students/smishra/S2-iceberg-areas/S2UnetPlusPlus/imgs/S2B_MSIL1C_20200827T134729_N0500_R110_T25WER_20230402T232045_pB5_15_15_.tif,True,S2B,2020-08-27,13,T25WER,KQ,0.0,otsu_failed
47,/mnt/research/v.gomezgilyaspik/students/smishra/S2-iceberg-areas/S2UnetPlusPlus/imgs/S2A_MSIL1C_20190903T141011_N0500_R053_T24WWU_20230501T094031_pB5_6_18_.tif,True,S2A,2019-09-03,14,T24WWU,SK,0.6634,ok
48,/mnt/research/v.gomezgilyaspik/students/smishra/S2-iceberg-areas/S2UnetPlusPlus/imgs/S2B_MSIL1C_20170813T135029_N0500_R110_T25WER_20230830T221846_pB5_35_32_.tif,True,S2B,2017-08-13,13,T25WER,KQ,0.532,ok
49,/mnt/research/v.gomezgilyaspik/students/smishra/S2-iceberg-areas/S2UnetPlusPlus/imgs/S2A_MSIL1C_20190709T152911_N0500_R111_T22WDB_20230603T230701_pB5_12_37_.tif,True,S2A,2019-07-09,15,T22WDB,SK,0.0,otsu_failed
50,/mnt/research/v.gomezgilyaspik/students/smishra/S2-iceberg-areas/S2UnetPlusPlus/imgs/S2B_MSIL1C_20220714T140739_N0400_R053_T24WWU_20220714T173724_pB4_6_21_.tif,True,S2B,2022-07-14,14,T24WWU,SK,0.0,otsu_failed
51,/mnt/research/v.gomezgilyaspik/students/smishra/S2-iceberg-areas/S2UnetPlusPlus/imgs/S2A_MSIL1C_20190705T141011_N0500_R053_T24WWU_20230603T191421_pB5_8_29_.tif,True,S2A,2019-07-05,14,T24WWU,SK,0.0,otsu_failed
52,/mnt/research/v.gomezgilyaspik/students/smishra/S2-iceberg-areas/S2UnetPlusPlus/imgs/S2A_MSIL1C_20190716T151911_N0500_R068_T22WDC_20230604T070424_pB5_4_12_.tif,True,S2A,2019-07-16,15,T22WDC,SK,0.0096,ok
53,/mnt/research/v.gomezgilyaspik/students/smishra/S2-iceberg-areas/S2UnetPlusPlus/imgs/S2A_MSIL1C_20200822T152911_N0209_R111_T21WXU_20200822T191829_pB2_20_31_.tif,True,S2A,2020-08-22,15,T21WXU,SK,0.0,otsu_failed
54,/mnt/research/v.gomezgilyaspik/students/smishra/S2-iceberg-areas/S2UnetPlusPlus/imgs/S2B_MSIL1C_20220714T140739_N0400_R053_T24WWU_20220714T173724_pB4_5_16_.tif,True,S2B,2022-07-14,14,T24WWU,SK,0.0,otsu_failed
55,/mnt/research/v.gomezgilyaspik/students/smishra/S2-iceberg-areas/S2UnetPlusPlus/imgs/S2A_MSIL1C_20210731T153911_N0500_R011_T22WDB_20230224T225255_pB5_13_23_.tif,True,S2A,2021-07-31,15,T22WDB,SK,0.0003,ok
56,/mnt/research/v.gomezgilyaspik/students/smishra/S2-iceberg-areas/S2UnetPlusPlus/imgs/S2B_MSIL1C_20230709T140739_N0509_R053_T24WWU_20230709T161152_pB5_5_15_.tif,True,S2B,2023-07-09,14,T24WWU,SK,0.0,otsu_failed
57,/mnt/research/v.gomezgilyaspik/students/smishra/S2-iceberg-areas/S2UnetPlusPlus/imgs/S2A_MSIL1C_20210909T140011_N0500_R010_T25WES_20230112T233728_pB5_40_8_.tif,True,S2A,2021-09-09,14,T25WES,KQ,0.0098,ok
58,/mnt/research/v.gomezgilyaspik/students/smishra/S2-iceberg-areas/S2UnetPlusPlus/imgs/S2A_MSIL1C_20170808T152911_N0500_R111_T22WDB_20230829T170819_pB5_10_38_.tif,True,S2A,2017-08-08,15,T22WDB,SK,0.0,otsu_failed
59,/mnt/research/v.gomezgilyaspik/students/smishra/S2-iceberg-areas/S2UnetPlusPlus/imgs/S2B_MSIL1C_20170813T135029_N0500_R110_T25WER_20230830T221846_pB5_4_9_.tif,True,S2B,2017-08-13,13,T25WER,KQ,0.0,otsu_failed
60,/mnt/research/v.gomezgilyaspik/students/smishra/S2-iceberg-areas/S2UnetPlusPlus/imgs/S2A_MSIL1C_20190903T141011_N0500_R053_T24WWU_20230501T094031_pB5_7_30_.tif,True,S2A,2019-09-03,14,T24WWU,SK,0.0,otsu_failed
61,/mnt/research/v.gomezgilyaspik/students/smishra/S2-iceberg-areas/S2UnetPlusPlus/imgs/S2B_MSIL1C_20170809T141009_N0500_R053_T24WWU_20230804T231749_pB5_6_15_.tif,True,S2B,2017-08-09,14,T24WWU,SK,0.6463,ok
62,/mnt/research/v.gomezgilyaspik/students/smishra/S2-iceberg-areas/S2UnetPlusPlus/imgs/S2A_MSIL1C_20180723T141951_N0500_R096_T24WWU_20230628T041823_pB5_8_28_.tif,True,S2A,2018-07-23,14,T24WWU,SK,0.3425,ok
63,/mnt/research/v.gomezgilyaspik/students/smishra/S2-iceberg-areas/S2UnetPlusPlus/imgs/S2A_MSIL1C_20180723T141951_N0500_R096_T24WWU_20230628T041823_pB5_27_14_.tif,True,S2A,2018-07-23,14,T24WWU,SK,0.4237,ok
64,/mnt/research/v.gomezgilyaspik/students/smishra/S2-iceberg-areas/S2UnetPlusPlus/imgs/S2A_MSIL1C_20160725T145922_N0500_R125_T22WES_20231004T134617_pB5_21_1_.tif,True,S2A,2016-07-25,14,T22WES,SK,0.0,otsu_failed
65,/mnt/research/v.gomezgilyaspik/students/smishra/S2-iceberg-areas/S2UnetPlusPlus/imgs/S2A_MSIL1C_20200702T155911_N0500_R097_T21WWU_20230320T180410_pB5_32_17_.tif,True,S2A,2020-07-02,15,T21WWU,SK,0.0017,ok
66,/mnt/research/v.gomezgilyaspik/students/smishra/S2-iceberg-areas/S2UnetPlusPlus/imgs/S2B_MSIL1C_20210822T152809_N0500_R111_T22WDB_20230119T151933_pB5_11_37_.tif,True,S2B,2021-08-22,15,T22WDB,SK,0.0,otsu_failed
67,/mnt/research/v.gomezgilyaspik/students/smishra/S2-iceberg-areas/S2UnetPlusPlus/imgs/S2A_MSIL1C_20170831T140011_N0500_R010_T25WES_20230831T055412_pB5_37_4_.tif,True,S2A,2017-08-31,14,T25WES,KQ,0.0,otsu_failed
68,/mnt/research/v.gomezgilyaspik/students/smishra/S2-iceberg-areas/S2UnetPlusPlus/imgs/S2A_MSIL1C_20170710T145911_N0500_R125_T22WES_20230901T062816_pB5_30_14_.tif,True,S2A,2017-07-10,14,T22WES,SK,0.0,otsu_failed
69,/mnt/research/v.gomezgilyaspik/students/smishra/S2-iceberg-areas/S2UnetPlusPlus/imgs/S2A_MSIL1C_20170710T145911_N0500_R125_T22WES_20230901T062816_pB5_17_16_.tif,True,S2A,2017-07-10,14,T22WES,SK,0.0,otsu_failed
70,/mnt/research/v.gomezgilyaspik/students/smishra/S2-iceberg-areas/S2UnetPlusPlus/imgs/S2B_MSIL1C_20170813T135029_N0500_R110_T25WER_20230830T221846_pB5_23_39_.tif,True,S2B,2017-08-13,13,T25WER,KQ,0.0,otsu_failed
71,/mnt/research/v.gomezgilyaspik/students/smishra/S2-iceberg-areas/S2UnetPlusPlus/imgs/S2B_MSIL1C_20170801T144919_N0500_R082_T22WES_20230804T124536_pB5_19_16_.tif,True,S2B,2017-08-01,14,T22WES,SK,0.0,otsu_failed
72,/mnt/research/v.gomezgilyaspik/students/smishra/S2-iceberg-areas/S2UnetPlusPlus/imgs/S2B_MSIL1C_20170802T141949_N0500_R096_T24WWU_20230804T130632_pB5_7_26_.tif,True,S2B,2017-08-02,14,T24WWU,SK,0.0,otsu_failed
73,/mnt/research/v.gomezgilyaspik/students/smishra/S2-iceberg-areas/S2UnetPlusPlus/imgs/S2A_MSIL1C_20170722T153911_N0500_R011_T22WDB_20231008T062148_pB5_12_36_.tif,True,S2A,2017-07-22,15,T22WDB,SK,0.1763,ok
74,/mnt/research/v.gomezgilyaspik/students/smishra/S2-iceberg-areas/S2UnetPlusPlus/imgs/S2A_MSIL1C_20170831T140011_N0500_R010_T25WER_20230831T055412_pB5_6_13_.tif,True,S2A,2017-08-31,14,T25WER,KQ,0.2925,ok
75,/mnt/research/v.gomezgilyaspik/students/smishra/S2-iceberg-areas/S2UnetPlusPlus/imgs/S2A_MSIL1C_20160725T145922_N0500_R125_T22WES_20231004T134617_pB5_22_22_.tif,True,S2A,2016-07-25,14,T22WES,SK,0.0,otsu_failed
76,/mnt/research/v.gomezgilyaspik/students/smishra/S2-iceberg-areas/S2UnetPlusPlus/imgs/S2A_MSIL1C_20180723T141951_N0500_R096_T24WWU_20230628T041823_pB5_5_15_.tif,True,S2A,2018-07-23,14,T24WWU,SK,0.0,otsu_failed
77,/mnt/research/v.gomezgilyaspik/students/smishra/S2-iceberg-areas/S2UnetPlusPlus/imgs/S2A_MSIL1C_20190709T152911_N0500_R111_T22WDB_20230603T230701_pB5_14_32_.tif,True,S2A,2019-07-09,15,T22WDB,SK,0.0037,ok
78,/mnt/research/v.gomezgilyaspik/students/smishra/S2-iceberg-areas/S2UnetPlusPlus/imgs/S2A_MSIL1C_20200825T140021_N0209_R010_T25WER_20200825T174728_pB2_26_25_.tif,True,S2A,2020-08-25,14,T25WER,KQ,0.0023,ok
79,/mnt/research/v.gomezgilyaspik/students/smishra/S2-iceberg-areas/S2UnetPlusPlus/imgs/S2A_MSIL1C_20210823T141011_N0500_R053_T24WWU_20230120T063425_pB5_6_20_.tif,True,S2A,2021-08-23,14,T24WWU,SK,0.5575,ok
80,/mnt/research/v.gomezgilyaspik/students/smishra/S2-iceberg-areas/S2UnetPlusPlus/imgs/S2A_MSIL1C_20160725T145922_N0500_R125_T22WES_20231004T134617_pB5_25_25_.tif,True,S2A,2016-07-25,14,T22WES,SK,0.0,otsu_failed
81,/mnt/research/v.gomezgilyaspik/students/smishra/S2-iceberg-areas/S2UnetPlusPlus/imgs/S2A_MSIL1C_20200822T152911_N0209_R111_T21WXU_20200822T191829_pB2_24_36_.tif,True,S2A,2020-08-22,15,T21WXU,SK,0.011,ok
82,/mnt/research/v.gomezgilyaspik/students/smishra/S2-iceberg-areas/S2UnetPlusPlus/imgs/S2B_MSIL1C_20180715T140739_N0500_R053_T24WWU_20230712T120037_pB5_6_21_.tif,True,S2B,2018-07-15,14,T24WWU,SK,0.0,otsu_failed
83,/mnt/research/v.gomezgilyaspik/students/smishra/S2-iceberg-areas/S2UnetPlusPlus/imgs/S2A_MSIL1C_20240824T140041_N0511_R010_T25WER_20240824T174017_pB5_38_13_.tif,True,S2A,2024-08-24,14,T25WER,KQ,0.0087,ok
84,/mnt/research/v.gomezgilyaspik/students/smishra/S2-iceberg-areas/S2UnetPlusPlus/imgs/S2A_MSIL1C_20160923T145932_N0500_R125_T22WES_20231006T022513_pB5_11_14_.tif,True,S2A,2016-09-23,14,T22WES,SK,0.2774,ok
85,/mnt/research/v.gomezgilyaspik/students/smishra/S2-iceberg-areas/S2UnetPlusPlus/imgs/S2A_MSIL1C_20190705T141011_N0500_R053_T24WWU_20230603T191421_pB5_23_11_.tif,True,S2A,2019-07-05,14,T24WWU,SK,0.0,otsu_failed
86,/mnt/research/v.gomezgilyaspik/students/smishra/S2-iceberg-areas/S2UnetPlusPlus/imgs/S2A_MSIL1C_20210729T145921_N0500_R125_T22WES_20230122T163521_pB5_26_25_.tif,True,S2A,2021-07-29,14,T22WES,SK,0.0,otsu_failed
87,/mnt/research/v.gomezgilyaspik/students/smishra/S2-iceberg-areas/S2UnetPlusPlus/imgs/S2A_MSIL1C_20170815T151911_N0500_R068_T22WDB_20230821T111929_pB5_10_40_.tif,True,S2A,2017-08-15,15,T22WDB,SK,0.0,otsu_failed
88,/mnt/research/v.gomezgilyaspik/students/smishra/S2-iceberg-areas/S2UnetPlusPlus/imgs/S2A_MSIL1C_20190716T151911_N0500_R068_T22WDC_20230604T070424_pB5_16_35_.tif,True,S2A,2019-07-16,15,T22WDC,SK,0.0,otsu_failed
89,/mnt/research/v.gomezgilyaspik/students/smishra/S2-iceberg-areas/S2UnetPlusPlus/imgs/S2A_MSIL1C_20170831T140011_N0500_R010_T25WER_20230831T055412_pB5_13_14_.tif,True,S2A,2017-08-31,14,T25WER,KQ,0.0,otsu_failed
90,/mnt/research/v.gomezgilyaspik/students/smishra/S2-iceberg-areas/S2UnetPlusPlus/imgs/S2B_MSIL1C_20240911T140739_N0511_R053_T24WWU_20240911T160952_pB5_5_14_.tif,True,S2B,2024-09-11,14,T24WWU,SK,0.0,otsu_failed
91,/mnt/research/v.gomezgilyaspik/students/smishra/S2-iceberg-areas/S2UnetPlusPlus/imgs/S2A_MSIL1C_20210729T145921_N0500_R125_T22WES_20230122T163521_pB5_18_3_.tif,True,S2A,2021-07-29,14,T22WES,SK,0.0,otsu_failed
92,/mnt/research/v.gomezgilyaspik/students/smishra/S2-iceberg-areas/S2UnetPlusPlus/imgs/S2B_MSIL1C_20230709T140739_N0509_R053_T24WWU_20230709T161152_pB5_5_17_.tif,True,S2B,2023-07-09,14,T24WWU,SK,0.0,otsu_failed
93,/mnt/research/v.gomezgilyaspik/students/smishra/S2-iceberg-areas/S2UnetPlusPlus/imgs/S2A_MSIL1C_20160923T145932_N0500_R125_T22WES_20231006T022513_pB5_16_15_.tif,True,S2A,2016-09-23,14,T22WES,SK,0.1348,ok
94,/mnt/research/v.gomezgilyaspik/students/smishra/S2-iceberg-areas/S2UnetPlusPlus/imgs/S2A_MSIL1C_20160830T151912_N0500_R068_T22WDB_20231020T235443_pB5_23_26_.tif,True,S2A,2016-08-30,15,T22WDB,SK,0.0006,ok
95,/mnt/research/v.gomezgilyaspik/students/smishra/S2-iceberg-areas/S2UnetPlusPlus/imgs/S2A_MSIL1C_20160823T135032_N0500_R110_T25WER_20230929T041536_pB5_36_0_.tif,True,S2A,2016-08-23,13,T25WER,KQ,0.0,otsu_failed
96,/mnt/research/v.gomezgilyaspik/students/smishra/S2-iceberg-areas/S2UnetPlusPlus/imgs/S2B_MSIL1C_20170803T152909_N0500_R111_T22WDB_20230826T072407_pB5_0_33_.tif,True,S2B,2017-08-03,15,T22WDB,SK,0.0058,ok
97,/mnt/research/v.gomezgilyaspik/students/smishra/S2-iceberg-areas/S2UnetPlusPlus/imgs/S2B_MSIL1C_20170802T141949_N0500_R096_T24WWU_20230804T130632_pB5_10_28_.tif,True,S2B,2017-08-02,14,T24WWU,SK,0.0,otsu_failed
98,/mnt/research/v.gomezgilyaspik/students/smishra/S2-iceberg-areas/S2UnetPlusPlus/imgs/S2B_MSIL1C_20210822T152809_N0500_R111_T22WDB_20230119T151933_pB5_12_36_.tif,True,S2B,2021-08-22,15,T22WDB,SK,0.1721,ok
99,/mnt/research/v.gomezgilyaspik/students/smishra/S2-iceberg-areas/S2UnetPlusPlus/imgs/S2A_MSIL1C_20170710T145911_N0500_R125_T22WES_20230901T062816_pB5_23_22_.tif,True,S2A,2017-07-10,14,T22WES,SK,0.0,otsu_failed
100,/mnt/research/v.gomezgilyaspik/students/smishra/S2-iceberg-areas/S2UnetPlusPlus/imgs/S2A_MSIL1C_20160725T145922_N0500_R125_T22WES_20231004T134617_pB5_16_16_.tif,True,S2A,2016-07-25,14,T22WES,SK,0.0,otsu_failed
101,/mnt/research/v.gomezgilyaspik/students/smishra/S2-iceberg-areas/S2UnetPlusPlus/imgs/S2A_MSIL1C_20170815T151911_N0500_R068_T22WDB_20230821T111929_pB5_4_29_.tif,True,S2A,2017-08-15,15,T22WDB,SK,0.0015,ok
102,/mnt/research/v.gomezgilyaspik/students/smishra/S2-iceberg-areas/S2UnetPlusPlus/imgs/S2B_MSIL1C_20200717T141739_N0209_R096_T24WWU_20200717T143551_pB2_17_21_.tif,True,S2B,2020-07-17,14,T24WWU,SK,0.0564,ok
103,/mnt/research/v.gomezgilyaspik/students/smishra/S2-iceberg-areas/S2UnetPlusPlus/imgs/S2B_MSIL1C_20190819T140739_N0500_R053_T25WES_20230512T221421_pB5_37_6_.tif,True,S2B,2019-08-19,14,T25WES,KQ,0.6407,ok
104,/mnt/research/v.gomezgilyaspik/students/smishra/S2-iceberg-areas/S2UnetPlusPlus/imgs/S2A_MSIL1C_20200822T152911_N0500_R111_T22WDC_20230321T134135_pB5_16_30_.tif,True,S2A,2020-08-22,15,T22WDC,SK,0.0177,ok
105,/mnt/research/v.gomezgilyaspik/students/smishra/S2-iceberg-areas/S2UnetPlusPlus/imgs/S2B_MSIL1C_20200903T151809_N0500_R068_T22WDB_20230311T234131_pB5_9_37_.tif,True,S2B,2020-09-03,15,T22WDB,SK,0.0,otsu_failed
106,/mnt/research/v.gomezgilyaspik/students/smishra/S2-iceberg-areas/S2UnetPlusPlus/imgs/S2A_MSIL1C_20210817T152911_N0500_R111_T22WDB_20230117T070154_pB5_11_40_.tif,True,S2A,2021-08-17,15,T22WDB,SK,0.3852,ok
107,/mnt/research/v.gomezgilyaspik/students/smishra/S2-iceberg-areas/S2UnetPlusPlus/imgs/S2B_MSIL1C_20200717T141739_N0209_R096_T24WWU_20200717T143551_pB2_7_18_.tif,True,S2B,2020-07-17,14,T24WWU,SK,0.0,otsu_failed
108,/mnt/research/v.gomezgilyaspik/students/smishra/S2-iceberg-areas/S2UnetPlusPlus/imgs/S2B_MSIL1C_20180824T140729_N0500_R053_T25WER_20230813T110012_pB5_0_8_.tif,True,S2B,2018-08-24,14,T25WER,KQ,0.111,ok
109,/mnt/research/v.gomezgilyaspik/students/smishra/S2-iceberg-areas/S2UnetPlusPlus/imgs/S2B_MSIL1C_20170801T144919_N0500_R082_T22WES_20230804T124536_pB5_21_20_.tif,True,S2B,2017-08-01,14,T22WES,SK,0.0,otsu_failed
110,/mnt/research/v.gomezgilyaspik/students/smishra/S2-iceberg-areas/S2UnetPlusPlus/imgs/S2B_MSIL1C_20200830T135739_N0500_R010_T25WER_20230321T193340_pB5_7_12_.tif,True,S2B,2020-08-30,13,T25WER,KQ,0.0,otsu_failed
111,/mnt/research/v.gomezgilyaspik/students/smishra/S2-iceberg-areas/S2UnetPlusPlus/imgs/S2A_MSIL1C_20160721T151912_N0500_R068_T22WDB_20231007T084315_pB5_25_35_.tif,True,S2A,2016-07-21,15,T22WDB,SK,0.0,otsu_failed
112,/mnt/research/v.gomezgilyaspik/students/smishra/S2-iceberg-areas/S2UnetPlusPlus/imgs/S2A_MSIL1C_20170815T151911_N0500_R068_T22WDB_20230821T111929_pB5_12_36_.tif,True,S2A,2017-08-15,15,T22WDB,SK,0.0,otsu_failed
113,/mnt/research/v.gomezgilyaspik/students/smishra/S2-iceberg-areas/S2UnetPlusPlus/imgs/S2A_MSIL1C_20180723T141951_N0500_R096_T24WWU_20230628T041823_pB5_24_11_.tif,True,S2A,2018-07-23,14,T24WWU,SK,0.0,otsu_failed
114,/mnt/research/v.gomezgilyaspik/students/smishra/S2-iceberg-areas/S2UnetPlusPlus/imgs/S2A_MSIL1C_20160830T151912_N0500_R068_T22WDB_20231020T235443_pB5_8_35_.tif,True,S2A,2016-08-30,15,T22WDB,SK,0.0,otsu_failed
115,/mnt/research/v.gomezgilyaspik/students/smishra/S2-iceberg-areas/S2UnetPlusPlus/imgs/S2B_MSIL1C_20190809T140739_N0500_R053_T25WES_20230505T060731_pB5_38_8_.tif,True,S2B,2019-08-09,14,T25WES,KQ,0.4762,ok
116,/mnt/research/v.gomezgilyaspik/students/smishra/S2-iceberg-areas/S2UnetPlusPlus/imgs/S2B_MSIL1C_20200823T140739_N0500_R053_T24WWU_20230321T131119_pB5_9_24_.tif,True,S2B,2020-08-23,14,T24WWU,SK,0.0974,ok
117,/mnt/research/v.gomezgilyaspik/students/smishra/S2-iceberg-areas/S2UnetPlusPlus/imgs/S2A_MSIL1C_20160725T145922_N0500_R125_T22WES_20231004T134617_pB5_9_13_.tif,True,S2A,2016-07-25,14,T22WES,SK,0.0,otsu_failed
118,/mnt/research/v.gomezgilyaspik/students/smishra/S2-iceberg-areas/S2UnetPlusPlus/imgs/S2A_MSIL1C_20190705T141011_N0500_R053_T24WWU_20230603T191421_pB5_8_24_.tif,True,S2A,2019-07-05,14,T24WWU,SK,0.0,otsu_failed
119,/mnt/research/v.gomezgilyaspik/students/smishra/S2-iceberg-areas/S2UnetPlusPlus/imgs/S2B_MSIL1C_20200823T140739_N0500_R053_T24WWU_20230321T131119_pB5_5_15_.tif,True,S2B,2020-08-23,14,T24WWU,SK,0.0,otsu_failed
120,/mnt/research/v.gomezgilyaspik/students/smishra/S2-iceberg-areas/S2UnetPlusPlus/imgs/S2A_MSIL1C_20160725T145922_N0500_R125_T22WES_20231004T134617_pB5_25_23_.tif,True,S2A,2016-07-25,14,T22WES,SK,0.0,otsu_failed
121,/mnt/research/v.gomezgilyaspik/students/smishra/S2-iceberg-areas/S2UnetPlusPlus/imgs/S2A_MSIL1C_20170808T152911_N0500_R111_T22WDB_20230829T170819_pB5_10_36_.tif,True,S2A,2017-08-08,15,T22WDB,SK,0.3912,ok
122,/mnt/research/v.gomezgilyaspik/students/smishra/S2-iceberg-areas/S2UnetPlusPlus/imgs/S2A_MSIL1C_20160725T145922_N0500_R125_T22WES_20231004T134617_pB5_18_17_.tif,True,S2A,2016-07-25,14,T22WES,SK,0.0,otsu_failed
123,/mnt/research/v.gomezgilyaspik/students/smishra/S2-iceberg-areas/S2UnetPlusPlus/imgs/S2A_MSIL1C_20190705T141011_N0500_R053_T24WWU_20230603T191421_pB5_5_15_.tif,True,S2A,2019-07-05,14,T24WWU,SK,0.0,otsu_failed
124,/mnt/research/v.gomezgilyaspik/students/smishra/S2-iceberg-areas/S2UnetPlusPlus/imgs/S2A_MSIL1C_20160823T135032_N0500_R110_T25WER_20230929T041536_pB5_35_2_.tif,True,S2A,2016-08-23,13,T25WER,KQ,0.0,otsu_failed
125,/mnt/research/v.gomezgilyaspik/students/smishra/S2-iceberg-areas/S2UnetPlusPlus/imgs/S2A_MSIL1C_20190709T152911_N0500_R111_T22WDB_20230603T230701_pB5_2_32_.tif,True,S2A,2019-07-09,15,T22WDB,SK,0.0003,ok
126,/mnt/research/v.gomezgilyaspik/students/smishra/S2-iceberg-areas/S2UnetPlusPlus/imgs/S2B_MSIL1C_20200823T140739_N0500_R053_T24WWU_20230321T131119_pB5_6_14_.tif,True,S2B,2020-08-23,14,T24WWU,SK,0.0,otsu_failed
127,/mnt/research/v.gomezgilyaspik/students/smishra/S2-iceberg-areas/S2UnetPlusPlus/imgs/S2A_MSIL1C_20170808T152911_N0500_R111_T22WDB_20230829T170819_pB5_12_37_.tif,True,S2A,2017-08-08,15,T22WDB,SK,0.0,otsu_failed
128,/mnt/research/v.gomezgilyaspik/students/smishra/S2-iceberg-areas/S2UnetPlusPlus/imgs/S2A_MSIL1C_20200822T152911_N0500_R111_T22WDC_20230321T134135_pB5_41_38_.tif,True,S2A,2020-08-22,15,T22WDC,SK,0.0,otsu_failed
129,/mnt/research/v.gomezgilyaspik/students/smishra/S2-iceberg-areas/S2UnetPlusPlus/imgs/S2A_MSIL1C_20160725T145922_N0500_R125_T22WES_20231004T134617_pB5_22_21_.tif,True,S2A,2016-07-25,14,T22WES,SK,0.2019,ok
130,/mnt/research/v.gomezgilyaspik/students/smishra/S2-iceberg-areas/S2UnetPlusPlus/imgs/S2A_MSIL1C_20170710T145911_N0500_R125_T22WES_20230901T062816_pB5_20_19_.tif,True,S2A,2017-07-10,14,T22WES,SK,0.0,otsu_failed
131,/mnt/research/v.gomezgilyaspik/students/smishra/S2-iceberg-areas/S2UnetPlusPlus/imgs/S2A_MSIL1C_20170710T145911_N0500_R125_T22WES_20230901T062816_pB5_21_18_.tif,True,S2A,2017-07-10,14,T22WES,SK,0.0,otsu_failed
132,/mnt/research/v.gomezgilyaspik/students/smishra/S2-iceberg-areas/S2UnetPlusPlus/imgs/S2A_MSIL1C_20190903T141011_N0500_R053_T24WWU_20230501T094031_pB5_21_20_.tif,True,S2A,2019-09-03,14,T24WWU,SK,0.0452,ok
133,/mnt/research/v.gomezgilyaspik/students/smishra/S2-iceberg-areas/S2UnetPlusPlus/imgs/S2A_MSIL1C_20170722T153911_N0500_R011_T21WXU_20231016T102307_pB5_27_39_.tif,True,S2A,2017-07-22,15,T21WXU,SK,0.0408,ok
134,/mnt/research/v.gomezgilyaspik/students/smishra/S2-iceberg-areas/S2UnetPlusPlus/imgs/S2B_MSIL1C_20170730T141009_N0500_R053_T24WWU_20230901T040701_pB5_27_13_.tif,True,S2B,2017-07-30,14,T24WWU,SK,0.0,otsu_failed
135,/mnt/research/v.gomezgilyaspik/students/smishra/S2-iceberg-areas/S2UnetPlusPlus/imgs/S2B_MSIL1C_20220912T140739_N0400_R053_T24WWU_20220912T173328_pB4_14_23_.tif,True,S2B,2022-09-12,14,T24WWU,SK,0.12,ok
136,/mnt/research/v.gomezgilyaspik/students/smishra/S2-iceberg-areas/S2UnetPlusPlus/imgs/S2A_MSIL1C_20170710T145911_N0500_R125_T22WES_20230901T062816_pB5_25_23_.tif,True,S2A,2017-07-10,14,T22WES,SK,0.0,otsu_failed
137,/mnt/research/v.gomezgilyaspik/students/smishra/S2-iceberg-areas/S2UnetPlusPlus/imgs/S2B_MSIL1C_20170802T141949_N0500_R096_T24WWT_20230804T130632_pB5_8_33_.tif,True,S2B,2017-08-02,14,T24WWT,SK,0.0,otsu_failed
138,/mnt/research/v.gomezgilyaspik/students/smishra/S2-iceberg-areas/S2UnetPlusPlus/imgs/S2B_MSIL1C_20220714T140739_N0400_R053_T24WWU_20220714T173724_pB4_9_24_.tif,True,S2B,2022-07-14,14,T24WWU,SK,0.483,ok
139,/mnt/research/v.gomezgilyaspik/students/smishra/S2-iceberg-areas/S2UnetPlusPlus/imgs/S2A_MSIL1C_20180723T141951_N0500_R096_T24WWU_20230628T041823_pB5_27_13_.tif,True,S2A,2018-07-23,14,T24WWU,SK,0.0,otsu_failed
140,/mnt/research/v.gomezgilyaspik/students/smishra/S2-iceberg-areas/S2UnetPlusPlus/imgs/S2A_MSIL1C_20160707T153912_N0500_R011_T22WDB_20231030T140833_pB5_11_38_.tif,True,S2A,2016-07-07,15,T22WDB,SK,0.0,otsu_failed
141,/mnt/research/v.gomezgilyaspik/students/smishra/S2-iceberg-areas/S2UnetPlusPlus/imgs/S2B_MSIL1C_20170801T144919_N0500_R082_T22WES_20230804T124536_pB5_13_15_.tif,True,S2B,2017-08-01,14,T22WES,SK,0.0,otsu_failed
142,/mnt/research/v.gomezgilyaspik/students/smishra/S2-iceberg-areas/S2UnetPlusPlus/imgs/S2A_MSIL1C_20160923T145932_N0500_R125_T22WES_20231006T022513_pB5_9_10_.tif,True,S2A,2016-09-23,14,T22WES,SK,0.2383,ok
143,/mnt/research/v.gomezgilyaspik/students/smishra/S2-iceberg-areas/S2UnetPlusPlus/imgs/S2B_MSIL1C_20170801T144919_N0500_R082_T22WES_20230804T124536_pB5_10_10_.tif,True,S2B,2017-08-01,14,T22WES,SK,0.0,otsu_failed
144,/mnt/research/v.gomezgilyaspik/students/smishra/S2-iceberg-areas/S2UnetPlusPlus/imgs/S2B_MSIL1C_20170801T144919_N0500_R082_T22WES_20230804T124536_pB5_25_23_.tif,True,S2B,2017-08-01,14,T22WES,SK,0.0,otsu_failed
145,/mnt/research/v.gomezgilyaspik/students/smishra/S2-iceberg-areas/S2UnetPlusPlus/imgs/S2B_MSIL1C_20190819T140739_N0500_R053_T25WES_20230512T221421_pB5_40_6_.tif,True,S2B,2019-08-19,14,T25WES,KQ,0.0,otsu_failed
146,/mnt/research/v.gomezgilyaspik/students/smishra/S2-iceberg-areas/S2UnetPlusPlus/imgs/S2A_MSIL1C_20160923T145932_N0500_R125_T22WES_20231006T022513_pB5_12_13_.tif,True,S2A,2016-09-23,14,T22WES,SK,0.0,otsu_failed
147,/mnt/research/v.gomezgilyaspik/students/smishra/S2-iceberg-areas/S2UnetPlusPlus/imgs/S2B_MSIL1C_20200827T134729_N0500_R110_T25WER_20230402T232045_pB5_6_11_.tif,True,S2B,2020-08-27,13,T25WER,KQ,0.0,otsu_failed
148,/mnt/research/v.gomezgilyaspik/students/smishra/S2-iceberg-areas/S2UnetPlusPlus/imgs/S2A_MSIL1C_20200825T140021_N0209_R010_T25WER_20200825T174728_pB2_22_17_.tif,True,S2A,2020-08-25,14,T25WER,KQ,0.0105,ok
149,/mnt/research/v.gomezgilyaspik/students/smishra/S2-iceberg-areas/S2UnetPlusPlus/imgs/S2B_MSIL1C_20200830T135739_N0500_R010_T25WER_20230321T193340_pB5_23_17_.tif,True,S2B,2020-08-30,13,T25WER,KQ,0.011,ok
150,/mnt/research/v.gomezgilyaspik/students/smishra/S2-iceberg-areas/S2UnetPlusPlus/imgs/S2A_MSIL1C_20230807T152811_N0510_R111_T22WDB_20240821T092719_pB5_11_37_.tif,True,S2A,2023-08-07,15,T22WDB,SK,0.0,otsu_failed
151,/mnt/research/v.gomezgilyaspik/students/smishra/S2-iceberg-areas/S2UnetPlusPlus/imgs/S2A_MSIL1C_20180723T141951_N0500_R096_T24WWU_20230628T041823_pB5_11_27_.tif,True,S2A,2018-07-23,14,T24WWU,SK,0.0,otsu_failed
152,/mnt/research/v.gomezgilyaspik/students/smishra/S2-iceberg-areas/S2UnetPlusPlus/imgs/S2B_MSIL1C_20200827T134729_N0500_R110_T25WER_20230402T232045_pB5_33_5_.tif,True,S2B,2020-08-27,13,T25WER,KQ,0.1062,ok
153,/mnt/research/v.gomezgilyaspik/students/smishra/S2-iceberg-areas/S2UnetPlusPlus/imgs/S2A_MSIL1C_20160923T145932_N0500_R125_T22WES_20231006T022513_pB5_17_3_.tif,True,S2A,2016-09-23,14,T22WES,SK,0.0,otsu_failed
154,/mnt/research/v.gomezgilyaspik/students/smishra/S2-iceberg-areas/S2UnetPlusPlus/imgs/S2A_MSIL1C_20160725T145922_N0500_R125_T22WES_20231004T134617_pB5_21_3_.tif,True,S2A,2016-07-25,14,T22WES,SK,0.0,otsu_failed
155,/mnt/research/v.gomezgilyaspik/students/smishra/S2-iceberg-areas/S2UnetPlusPlus/imgs/S2A_MSIL1C_20160802T141952_N0500_R096_T24WWU_20231001T172901_pB5_6_17_.tif,True,S2A,2016-08-02,14,T24WWU,SK,0.6465,ok
156,/mnt/research/v.gomezgilyaspik/students/smishra/S2-iceberg-areas/S2UnetPlusPlus/imgs/S2A_MSIL1C_20240824T140041_N0511_R010_T25WER_20240824T174017_pB5_28_19_.tif,True,S2A,2024-08-24,14,T25WER,KQ,0.027,ok
157,/mnt/research/v.gomezgilyaspik/students/smishra/S2-iceberg-areas/S2UnetPlusPlus/imgs/S2A_MSIL1C_20180723T141951_N0500_R096_T24WWU_20230628T041823_pB5_6_19_.tif,True,S2A,2018-07-23,14,T24WWU,SK,0.7959,ok
158,/mnt/research/v.gomezgilyaspik/students/smishra/S2-iceberg-areas/S2UnetPlusPlus/imgs/S2A_MSIL1C_20160823T135032_N0500_R110_T25WER_20230929T041536_pB5_41_3_.tif,True,S2A,2016-08-23,13,T25WER,KQ,0.0303,ok
159,/mnt/research/v.gomezgilyaspik/students/smishra/S2-iceberg-areas/S2UnetPlusPlus/imgs/S2B_MSIL1C_20200827T134729_N0500_R110_T25WER_20230402T232045_pB5_27_10_.tif,True,S2B,2020-08-27,13,T25WER,KQ,0.0,otsu_failed
160,/mnt/research/v.gomezgilyaspik/students/smishra/S2-iceberg-areas/S2UnetPlusPlus/imgs/S2B_MSIL1C_20200903T151809_N0500_R068_T22WDC_20230311T234131_pB5_13_22_.tif,True,S2B,2020-09-03,15,T22WDC,SK,0.0181,ok
161,/mnt/research/v.gomezgilyaspik/students/smishra/S2-iceberg-areas/S2UnetPlusPlus/imgs/S2A_MSIL1C_20190903T141011_N0500_R053_T24WWU_20230501T094031_pB5_8_30_.tif,True,S2A,2019-09-03,14,T24WWU,SK,0.0,otsu_failed
162,/mnt/research/v.gomezgilyaspik/students/smishra/S2-iceberg-areas/S2UnetPlusPlus/imgs/S2A_MSIL1C_20160923T145932_N0500_R125_T22WES_20231006T022513_pB5_9_8_.tif,True,S2A,2016-09-23,14,T22WES,SK,0.0,otsu_failed
163,/mnt/research/v.gomezgilyaspik/students/smishra/S2-iceberg-areas/S2UnetPlusPlus/imgs/S2A_MSIL1C_20170722T153911_N0500_R011_T22WDB_20231008T062148_pB5_10_38_.tif,True,S2A,2017-07-22,15,T22WDB,SK,0.0,otsu_failed
164,/mnt/research/v.gomezgilyaspik/students/smishra/S2-iceberg-areas/S2UnetPlusPlus/imgs/S2B_MSIL1C_20200823T140739_N0500_R053_T24WWU_20230321T131119_pB5_6_17_.tif,True,S2B,2020-08-23,14,T24WWU,SK,0.6381,ok
165,/mnt/research/v.gomezgilyaspik/students/smishra/S2-iceberg-areas/S2UnetPlusPlus/imgs/S2A_MSIL1C_20180723T141951_N0500_R096_T24WWU_20230628T041823_pB5_7_32_.tif,True,S2A,2018-07-23,14,T24WWU,SK,0.0,otsu_failed
166,/mnt/research/v.gomezgilyaspik/students/smishra/S2-iceberg-areas/S2UnetPlusPlus/imgs/S2B_MSIL1C_20170802T141949_N0500_R096_T24WWU_20230804T130632_pB5_6_18_.tif,True,S2B,2017-08-02,14,T24WWU,SK,0.6095,ok
167,/mnt/research/v.gomezgilyaspik/students/smishra/S2-iceberg-areas/S2UnetPlusPlus/imgs/S2A_MSIL1C_20170814T154911_N0500_R054_T21WWU_20230830T232815_pB5_13_30_.tif,True,S2A,2017-08-14,15,T21WWU,SK,0.0036,ok
168,/mnt/research/v.gomezgilyaspik/students/smishra/S2-iceberg-areas/S2UnetPlusPlus/imgs/S2A_MSIL1C_20180730T154911_N0500_R054_T21WXU_20230721T085136_pB5_27_36_.tif,True,S2A,2018-07-30,15,T21WXU,SK,0.0,otsu_failed
169,/mnt/research/v.gomezgilyaspik/students/smishra/S2-iceberg-areas/S2UnetPlusPlus/imgs/S2A_MSIL1C_20170831T140011_N0500_R010_T25WER_20230831T055412_pB5_0_6_.tif,True,S2A,2017-08-31,14,T25WER,KQ,0.0,otsu_failed
170,/mnt/research/v.gomezgilyaspik/students/smishra/S2-iceberg-areas/S2UnetPlusPlus/imgs/S2A_MSIL1C_20170831T140011_N0500_R010_T25WES_20230831T055412_pB5_34_7_.tif,True,S2A,2017-08-31,14,T25WES,KQ,0.0833,ok
171,/mnt/research/v.gomezgilyaspik/students/smishra/S2-iceberg-areas/S2UnetPlusPlus/imgs/S2B_MSIL1C_20210917T140729_N0500_R053_T24WWU_20230115T022255_pB5_16_19_.tif,True,S2B,2021-09-17,14,T24WWU,SK,0.0,otsu_failed
172,/mnt/research/v.gomezgilyaspik/students/smishra/S2-iceberg-areas/S2UnetPlusPlus/imgs/S2B_MSIL1C_20200704T140739_N0500_R053_T24WWU_20230320T152013_pB5_22_10_.tif,True,S2B,2020-07-04,14,T24WWU,SK,0.0,otsu_failed
173,/mnt/research/v.gomezgilyaspik/students/smishra/S2-iceberg-areas/S2UnetPlusPlus/imgs/S2A_MSIL1C_20170808T152911_N0500_R111_T22WDB_20230829T170819_pB5_12_36_.tif,True,S2A,2017-08-08,15,T22WDB,SK,0.1852,ok
174,/mnt/research/v.gomezgilyaspik/students/smishra/S2-iceberg-areas/S2UnetPlusPlus/imgs/S2A_MSIL1C_20190903T141011_N0500_R053_T24WWU_20230501T094031_pB5_7_22_.tif,True,S2A,2019-09-03,14,T24WWU,SK,0.6477,ok
175,/mnt/research/v.gomezgilyaspik/students/smishra/S2-iceberg-areas/S2UnetPlusPlus/imgs/S2A_MSIL1C_20160725T145922_N0500_R125_T22WES_20231004T134617_pB5_9_12_.tif,True,S2A,2016-07-25,14,T22WES,SK,0.32,ok
176,/mnt/research/v.gomezgilyaspik/students/smishra/S2-iceberg-areas/S2UnetPlusPlus/imgs/S2A_MSIL1C_20210729T145921_N0500_R125_T22WES_20230122T163521_pB5_21_8_.tif,True,S2A,2021-07-29,14,T22WES,SK,0.0,otsu_failed
177,/mnt/research/v.gomezgilyaspik/students/smishra/S2-iceberg-areas/S2UnetPlusPlus/imgs/S2A_MSIL1C_20160923T145932_N0500_R125_T22WES_20231006T022513_pB5_16_16_.tif,True,S2A,2016-09-23,14,T22WES,SK,0.0,otsu_failed
178,/mnt/research/v.gomezgilyaspik/students/smishra/S2-iceberg-areas/S2UnetPlusPlus/imgs/S2A_MSIL1C_20170831T140011_N0500_R010_T25WER_20230831T055412_pB5_28_8_.tif,True,S2A,2017-08-31,14,T25WER,KQ,0.0,otsu_failed
179,/mnt/research/v.gomezgilyaspik/students/smishra/S2-iceberg-areas/S2UnetPlusPlus/imgs/S2A_MSIL1C_20170710T145911_N0500_R125_T22WES_20230901T062816_pB5_22_21_.tif,True,S2A,2017-07-10,14,T22WES,SK,0.0,otsu_failed
180,/mnt/research/v.gomezgilyaspik/students/smishra/S2-iceberg-areas/S2UnetPlusPlus/imgs/S2A_MSIL1C_20160725T145922_N0500_R125_T22WES_20231004T134617_pB5_10_17_.tif,True,S2A,2016-07-25,14,T22WES,SK,0.0,otsu_failed
181,/mnt/research/v.gomezgilyaspik/students/smishra/S2-iceberg-areas/S2UnetPlusPlus/imgs/S2A_MSIL1C_20160923T145932_N0500_R125_T22WES_20231006T022513_pB5_10_6_.tif,True,S2A,2016-09-23,14,T22WES,SK,0.0,otsu_failed
182,/mnt/research/v.gomezgilyaspik/students/smishra/S2-iceberg-areas/S2UnetPlusPlus/imgs/S2B_MSIL1C_20170809T141009_N0500_R053_T24WWU_20230804T231749_pB5_7_26_.tif,True,S2B,2017-08-09,14,T24WWU,SK,0.0,otsu_failed
183,/mnt/research/v.gomezgilyaspik/students/smishra/S2-iceberg-areas/S2UnetPlusPlus/imgs/S2A_MSIL1C_20210817T152911_N0500_R111_T22WDB_20230117T070154_pB5_12_36_.tif,True,S2A,2021-08-17,15,T22WDB,SK,0.174,ok
184,/mnt/research/v.gomezgilyaspik/students/smishra/S2-iceberg-areas/S2UnetPlusPlus/imgs/S2A_MSIL1C_20210729T145921_N0500_R125_T22WES_20230122T163521_pB5_11_15_.tif,True,S2A,2021-07-29,14,T22WES,SK,0.6178,ok
185,/mnt/research/v.gomezgilyaspik/students/smishra/S2-iceberg-areas/S2UnetPlusPlus/imgs/S2A_MSIL1C_20190709T152911_N0500_R111_T22WDB_20230603T230701_pB5_11_37_.tif,True,S2A,2019-07-09,15,T22WDB,SK,0.0,otsu_failed
186,/mnt/research/v.gomezgilyaspik/students/smishra/S2-iceberg-areas/S2UnetPlusPlus/imgs/S2A_MSIL1C_20190709T152911_N0500_R111_T22WDB_20230603T230701_pB5_11_36_.tif,True,S2A,2019-07-09,15,T22WDB,SK,0.3367,ok
187,/mnt/research/v.gomezgilyaspik/students/smishra/S2-iceberg-areas/S2UnetPlusPlus/imgs/S2A_MSIL1C_20160725T145922_N0500_R125_T22WES_20231004T134617_pB5_21_19_.tif,True,S2A,2016-07-25,14,T22WES,SK,0.2398,ok
188,/mnt/research/v.gomezgilyaspik/students/smishra/S2-iceberg-areas/S2UnetPlusPlus/imgs/S2A_MSIL1C_20210729T145921_N0500_R125_T22WES_20230122T163521_pB5_11_16_.tif,True,S2A,2021-07-29,14,T22WES,SK,0.0,otsu_failed
189,/mnt/research/v.gomezgilyaspik/students/smishra/S2-iceberg-areas/S2UnetPlusPlus/imgs/S2A_MSIL1C_20160823T135032_N0500_R110_T25WER_20230929T041536_pB5_33_6_.tif,True,S2A,2016-08-23,13,T25WER,KQ,0.0626,ok
190,/mnt/research/v.gomezgilyaspik/students/smishra/S2-iceberg-areas/S2UnetPlusPlus/imgs/S2A_MSIL1C_20210917T145921_N0500_R125_T22WES_20230113T075502_pB5_23_22_.tif,True,S2A,2021-09-17,14,T22WES,SK,0.0,otsu_failed
191,/mnt/research/v.gomezgilyaspik/students/smishra/S2-iceberg-areas/S2UnetPlusPlus/imgs/S2A_MSIL1C_20160923T145932_N0500_R125_T22WES_20231006T022513_pB5_12_15_.tif,True,S2A,2016-09-23,14,T22WES,SK,0.0,otsu_failed
192,/mnt/research/v.gomezgilyaspik/students/smishra/S2-iceberg-areas/S2UnetPlusPlus/imgs/S2A_MSIL1C_20160721T151912_N0500_R068_T22WDB_20231007T084315_pB5_12_36_.tif,True,S2A,2016-07-21,15,T22WDB,SK,0.1775,ok
193,/mnt/research/v.gomezgilyaspik/students/smishra/S2-iceberg-areas/S2UnetPlusPlus/imgs/S2B_MSIL1C_20180824T140729_N0500_R053_T25WER_20230813T110012_pB5_31_10_.tif,True,S2B,2018-08-24,14,T25WER,KQ,0.0076,ok
194,/mnt/research/v.gomezgilyaspik/students/smishra/S2-iceberg-areas/S2UnetPlusPlus/imgs/S2B_MSIL1C_20180715T140739_N0500_R053_T24WWU_20230712T120037_pB5_7_26_.tif,True,S2B,2018-07-15,14,T24WWU,SK,0.0,otsu_failed
195,/mnt/research/v.gomezgilyaspik/students/smishra/S2-iceberg-areas/S2UnetPlusPlus/imgs/S2A_MSIL1C_20170710T145911_N0500_R125_T22WES_20230901T062816_pB5_24_24_.tif,True,S2A,2017-07-10,14,T22WES,SK,0.0,otsu_failed
196,/mnt/research/v.gomezgilyaspik/students/smishra/S2-iceberg-areas/S2UnetPlusPlus/imgs/S2A_MSIL1C_20180723T141951_N0500_R096_T24WWU_20230628T041823_pB5_9_26_.tif,True,S2A,2018-07-23,14,T24WWU,SK,0.1743,ok
197,/mnt/research/v.gomezgilyaspik/students/smishra/S2-iceberg-areas/S2UnetPlusPlus/imgs/S2B_MSIL1C_20180824T140729_N0500_R053_T25WER_20230813T110012_pB5_17_18_.tif,True,S2B,2018-08-24,14,T25WER,KQ,0.0576,ok
198,/mnt/research/v.gomezgilyaspik/students/smishra/S2-iceberg-areas/S2UnetPlusPlus/imgs/S2A_MSIL1C_20180723T141951_N0500_R096_T24WWU_20230628T041823_pB5_6_32_.tif,True,S2A,2018-07-23,14,T24WWU,SK,0.0,otsu_failed
199,/mnt/research/v.gomezgilyaspik/students/smishra/S2-iceberg-areas/S2UnetPlusPlus/imgs/S2A_MSIL1C_20160802T141952_N0500_R096_T24WWU_20231001T172901_pB5_8_24_.tif,True,S2A,2016-08-02,14,T24WWU,SK,0.0,otsu_failed
200,/mnt/research/v.gomezgilyaspik/students/smishra/S2-iceberg-areas/S2UnetPlusPlus/imgs/S2A_MSIL1C_20160725T145922_N0500_R125_T22WES_20231004T134617_pB5_11_15_.tif,True,S2A,2016-07-25,14,T22WES,SK,0.2206,ok
201,/mnt/research/v.gomezgilyaspik/students/smishra/S2-iceberg-areas/S2UnetPlusPlus/imgs/S2B_MSIL1C_20220912T140739_N0400_R053_T24WWT_20220912T173328_pB4_9_8_.tif,True,S2B,2022-09-12,14,T24WWT,SK,0.0,otsu_failed
202,/mnt/research/v.gomezgilyaspik/students/smishra/S2-iceberg-areas/S2UnetPlusPlus/imgs/S2A_MSIL1C_20180723T141951_N0500_R096_T24WWU_20230628T041823_pB5_25_12_.tif,True,S2A,2018-07-23,14,T24WWU,SK,0.0,otsu_failed
203,/mnt/research/v.gomezgilyaspik/students/smishra/S2-iceberg-areas/S2UnetPlusPlus/imgs/S2A_MSIL1C_20190903T141011_N0500_R053_T24WWU_20230501T094031_pB5_7_27_.tif,True,S2A,2019-09-03,14,T24WWU,SK,0.0,otsu_failed
204,/mnt/research/v.gomezgilyaspik/students/smishra/S2-iceberg-areas/S2UnetPlusPlus/imgs/S2A_MSIL1C_20170808T152911_N0500_R111_T22WDB_20230829T170819_pB5_28_20_.tif,True,S2A,2017-08-08,15,T22WDB,SK,0.0,otsu_failed
205,/mnt/research/v.gomezgilyaspik/students/smishra/S2-iceberg-areas/S2UnetPlusPlus/imgs/S2A_MSIL1C_20240824T140041_N0511_R010_T25WER_20240824T174017_pB5_27_26_.tif,True,S2A,2024-08-24,14,T25WER,KQ,0.0073,ok
206,/mnt/research/v.gomezgilyaspik/students/smishra/S2-iceberg-areas/S2UnetPlusPlus/imgs/S2B_MSIL1C_20200704T140739_N0500_R053_T24WWU_20230320T152013_pB5_8_27_.tif,True,S2B,2020-07-04,14,T24WWU,SK,0.0676,ok
207,/mnt/research/v.gomezgilyaspik/students/smishra/S2-iceberg-areas/S2UnetPlusPlus/imgs/S2B_MSIL1C_20240911T140739_N0511_R053_T24WWU_20240911T160952_pB5_7_20_.tif,True,S2B,2024-09-11,14,T24WWU,SK,0.7979,ok
208,/mnt/research/v.gomezgilyaspik/students/smishra/S2-iceberg-areas/S2UnetPlusPlus/imgs/S2A_MSIL1C_20180723T141951_N0500_R096_T24WWU_20230628T041823_pB5_29_16_.tif,True,S2A,2018-07-23,14,T24WWU,SK,0.0,otsu_failed
209,/mnt/research/v.gomezgilyaspik/students/smishra/S2-iceberg-areas/S2UnetPlusPlus/imgs/S2B_MSIL1C_20210917T140729_N0500_R053_T24WWU_20230115T022255_pB5_13_23_.tif,True,S2B,2021-09-17,14,T24WWU,SK,0.1314,ok
210,/mnt/research/v.gomezgilyaspik/students/smishra/S2-iceberg-areas/S2UnetPlusPlus/imgs/S2B_MSIL1C_20180715T140739_N0500_R053_T24WWU_20230712T120037_pB5_18_20_.tif,True,S2B,2018-07-15,14,T24WWU,SK,0.0505,ok
211,/mnt/research/v.gomezgilyaspik/students/smishra/S2-iceberg-areas/S2UnetPlusPlus/imgs/S2B_MSIL1C_20180715T140739_N0500_R053_T24WWU_20230712T120037_pB5_23_11_.tif,True,S2B,2018-07-15,14,T24WWU,SK,0.0,otsu_failed
212,/mnt/research/v.gomezgilyaspik/students/smishra/S2-iceberg-areas/S2UnetPlusPlus/imgs/S2A_MSIL1C_20160725T145922_N0500_R125_T22WES_20231004T134617_pB5_24_22_.tif,True,S2A,2016-07-25,14,T22WES,SK,0.0,otsu_failed
213,/mnt/research/v.gomezgilyaspik/students/smishra/S2-iceberg-areas/S2UnetPlusPlus/imgs/S2B_MSIL1C_20190812T141749_N0500_R096_T24WWU_20230505T121941_pB5_12_22_.tif,True,S2B,2019-08-12,14,T24WWU,SK,0.0,otsu_failed
214,/mnt/research/v.gomezgilyaspik/students/smishra/S2-iceberg-areas/S2UnetPlusPlus/imgs/S2A_MSIL1C_20190801T140021_N0500_R010_T25WES_20230501T224345_pB5_37_7_.tif,True,S2A,2019-08-01,14,T25WES,KQ,0.0,otsu_failed
215,/mnt/research/v.gomezgilyaspik/students/smishra/S2-iceberg-areas/S2UnetPlusPlus/imgs/S2A_MSIL1C_20180723T141951_N0500_R096_T24WWU_20230628T041823_pB5_12_25_.tif,True,S2A,2018-07-23,14,T24WWU,SK,0.1053,ok
216,/mnt/research/v.gomezgilyaspik/students/smishra/S2-iceberg-areas/S2UnetPlusPlus/imgs/S2B_MSIL1C_20200823T140739_N0500_R053_T24WWU_20230321T131119_pB5_10_27_.tif,True,S2B,2020-08-23,14,T24WWU,SK,0.0796,ok
217,/mnt/research/v.gomezgilyaspik/students/smishra/S2-iceberg-areas/S2UnetPlusPlus/imgs/S2B_MSIL1C_20220912T140739_N0400_R053_T24WWT_20220912T173328_pB4_3_17_.tif,True,S2B,2022-09-12,14,T24WWT,SK,0.011,ok
218,/mnt/research/v.gomezgilyaspik/students/smishra/S2-iceberg-areas/S2UnetPlusPlus/imgs/S2A_MSIL1C_20160725T145922_N0500_R125_T22WES_20231004T134617_pB5_17_16_.tif,True,S2A,2016-07-25,14,T22WES,SK,0.0,otsu_failed
219,/mnt/research/v.gomezgilyaspik/students/smishra/S2-iceberg-areas/S2UnetPlusPlus/imgs/S2B_MSIL1C_20170813T135029_N0500_R110_T25WER_20230830T221846_pB5_22_14_.tif,True,S2B,2017-08-13,13,T25WER,KQ,0.0,otsu_failed
220,/mnt/research/v.gomezgilyaspik/students/smishra/S2-iceberg-areas/S2UnetPlusPlus/imgs/S2A_MSIL1C_20160802T141952_N0500_R096_T24WWU_20231001T172901_pB5_20_19_.tif,True,S2A,2016-08-02,14,T24WWU,SK,0.0129,ok
221,/mnt/research/v.gomezgilyaspik/students/smishra/S2-iceberg-areas/S2UnetPlusPlus/imgs/S2A_MSIL1C_20160802T141952_N0500_R096_T24WWU_20231001T172901_pB5_7_27_.tif,True,S2A,2016-08-02,14,T24WWU,SK,0.0,otsu_failed
222,/mnt/research/v.gomezgilyaspik/students/smishra/S2-iceberg-areas/S2UnetPlusPlus/imgs/S2B_MSIL1C_20230709T140739_N0509_R053_T24WWU_20230709T161152_pB5_6_16_.tif,True,S2B,2023-07-09,14,T24WWU,SK,0.7772,ok
223,/mnt/research/v.gomezgilyaspik/students/smishra/S2-iceberg-areas/S2UnetPlusPlus/imgs/S2A_MSIL1C_20210917T145921_N0500_R125_T22WES_20230113T075502_pB5_22_5_.tif,True,S2A,2021-09-17,14,T22WES,SK,0.0,otsu_failed
224,/mnt/research/v.gomezgilyaspik/students/smishra/S2-iceberg-areas/S2UnetPlusPlus/imgs/S2A_MSIL1C_20210917T145921_N0500_R125_T22WES_20230113T075502_pB5_11_14_.tif,True,S2A,2021-09-17,14,T22WES,SK,0.2389,ok
225,/mnt/research/v.gomezgilyaspik/students/smishra/S2-iceberg-areas/S2UnetPlusPlus/imgs/S2A_MSIL1C_20190903T141011_N0500_R053_T24WWU_20230501T094031_pB5_25_21_.tif,True,S2A,2019-09-03,14,T24WWU,SK,0.0,otsu_failed
226,/mnt/research/v.gomezgilyaspik/students/smishra/S2-iceberg-areas/S2UnetPlusPlus/imgs/S2A_MSIL1C_20160725T145922_N0500_R125_T22WES_20231004T134617_pB5_20_18_.tif,True,S2A,2016-07-25,14,T22WES,SK,0.2915,ok
227,/mnt/research/v.gomezgilyaspik/students/smishra/S2-iceberg-areas/S2UnetPlusPlus/imgs/S2B_MSIL1C_20190714T134739_N0500_R110_T25WER_20230528T040828_pB5_36_2_.tif,True,S2B,2019-07-14,13,T25WER,KQ,0.0,otsu_failed
228,/mnt/research/v.gomezgilyaspik/students/smishra/S2-iceberg-areas/S2UnetPlusPlus/imgs/S2A_MSIL1C_20170710T145911_N0500_R125_T22WES_20230901T062816_pB5_24_23_.tif,True,S2A,2017-07-10,14,T22WES,SK,0.0,otsu_failed
229,/mnt/research/v.gomezgilyaspik/students/smishra/S2-iceberg-areas/S2UnetPlusPlus/imgs/S2B_MSIL1C_20170802T141949_N0500_R096_T24WWU_20230804T130632_pB5_8_26_.tif,True,S2B,2017-08-02,14,T24WWU,SK,0.2123,ok
230,/mnt/research/v.gomezgilyaspik/students/smishra/S2-iceberg-areas/S2UnetPlusPlus/imgs/S2A_MSIL1C_20170913T141001_N0500_R053_T24WWT_20230823T170052_pB5_1_17_.tif,True,S2A,2017-09-13,14,T24WWT,SK,0.0,otsu_failed
231,/mnt/research/v.gomezgilyaspik/students/smishra/S2-iceberg-areas/S2UnetPlusPlus/imgs/S2A_MSIL1C_20190705T141011_N0500_R053_T24WWU_20230603T191421_pB5_10_27_.tif,True,S2A,2019-07-05,14,T24WWU,SK,0.1665,ok
232,/mnt/research/v.gomezgilyaspik/students/smishra/S2-iceberg-areas/S2UnetPlusPlus/imgs/S2B_MSIL1C_20240727T152809_N0511_R111_T21WXU_20240727T172749_pB5_27_38_.tif,True,S2B,2024-07-27,15,T21WXU,SK,0.0706,ok
233,/mnt/research/v.gomezgilyaspik/students/smishra/S2-iceberg-areas/S2UnetPlusPlus/imgs/S2A_MSIL1C_20160725T145922_N0500_R125_T22WES_20231004T134617_pB5_11_14_.tif,True,S2A,2016-07-25,14,T22WES,SK,0.1058,ok
234,/mnt/research/v.gomezgilyaspik/students/smishra/S2-iceberg-areas/S2UnetPlusPlus/imgs/S2B_MSIL1C_20170803T152909_N0500_R111_T22WDB_20230826T072407_pB5_9_36_.tif,True,S2B,2017-08-03,15,T22WDB,SK,0.0,otsu_failed
235,/mnt/research/v.gomezgilyaspik/students/smishra/S2-iceberg-areas/S2UnetPlusPlus/imgs/S2A_MSIL1C_20160923T145932_N0500_R125_T22WES_20231006T022513_pB5_17_14_.tif,True,S2A,2016-09-23,14,T22WES,SK,0.0,otsu_failed
236,/mnt/research/v.gomezgilyaspik/students/smishra/S2-iceberg-areas/S2UnetPlusPlus/imgs/S2B_MSIL1C_20230726T153819_N0509_R011_T22WDC_20230726T173958_pB5_24_26_.tif,True,S2B,2023-07-26,15,T22WDC,SK,0.0103,ok
237,/mnt/research/v.gomezgilyaspik/students/smishra/S2-iceberg-areas/S2UnetPlusPlus/imgs/S2B_MSIL1C_20180824T140729_N0500_R053_T25WER_20230813T110012_pB5_4_9_.tif,True,S2B,2018-08-24,14,T25WER,KQ,0.2421,ok
238,/mnt/research/v.gomezgilyaspik/students/smishra/S2-iceberg-areas/S2UnetPlusPlus/imgs/S2B_MSIL1C_20190714T134739_N0500_R110_T25WER_20230528T040828_pB5_6_12_.tif,True,S2B,2019-07-14,13,T25WER,KQ,0.0,otsu_failed
239,/mnt/research/v.gomezgilyaspik/students/smishra/S2-iceberg-areas/S2UnetPlusPlus/imgs/S2A_MSIL1C_20190705T141011_N0500_R053_T24WWU_20230603T191421_pB5_8_31_.tif,True,S2A,2019-07-05,14,T24WWU,SK,0.0,otsu_failed
240,/mnt/research/v.gomezgilyaspik/students/smishra/S2-iceberg-areas/S2UnetPlusPlus/imgs/S2A_MSIL1C_20200825T140021_N0209_R010_T25WER_20200825T174728_pB2_19_25_.tif,True,S2A,2020-08-25,14,T25WER,KQ,0.0312,ok
241,/mnt/research/v.gomezgilyaspik/students/smishra/S2-iceberg-areas/S2UnetPlusPlus/imgs/S2B_MSIL1C_20200830T135739_N0500_R010_T25WER_20230321T193340_pB5_3_8_.tif,True,S2B,2020-08-30,13,T25WER,KQ,0.0,otsu_failed
242,/mnt/research/v.gomezgilyaspik/students/smishra/S2-iceberg-areas/S2UnetPlusPlus/imgs/S2A_MSIL1C_20200825T140021_N0209_R010_T25WER_20200825T174728_pB2_18_26_.tif,True,S2A,2020-08-25,14,T25WER,KQ,0.0273,ok
243,/mnt/research/v.gomezgilyaspik/students/smishra/S2-iceberg-areas/S2UnetPlusPlus/imgs/S2A_MSIL1C_20160923T145932_N0500_R125_T22WES_20231006T022513_pB5_19_18_.tif,True,S2A,2016-09-23,14,T22WES,SK,0.0,otsu_failed
244,/mnt/research/v.gomezgilyaspik/students/smishra/S2-iceberg-areas/S2UnetPlusPlus/imgs/S2A_MSIL1C_20190903T141011_N0500_R053_T24WWU_20230501T094031_pB5_29_18_.tif,True,S2A,2019-09-03,14,T24WWU,SK,0.0285,ok
245,/mnt/research/v.gomezgilyaspik/students/smishra/S2-iceberg-areas/S2UnetPlusPlus/imgs/S2A_MSIL1C_20190903T141011_N0500_R053_T24WWU_20230501T094031_pB5_24_12_.tif,True,S2A,2019-09-03,14,T24WWU,SK,0.0,otsu_failed
246,/mnt/research/v.gomezgilyaspik/students/smishra/S2-iceberg-areas/S2UnetPlusPlus/imgs/S2A_MSIL1C_20160923T145932_N0500_R125_T22WES_20231006T022513_pB5_25_25_.tif,True,S2A,2016-09-23,14,T22WES,SK,0.0,otsu_failed
247,/mnt/research/v.gomezgilyaspik/students/smishra/S2-iceberg-areas/S2UnetPlusPlus/imgs/S2B_MSIL1C_20220714T140739_N0400_R053_T24WWU_20220714T173724_pB4_24_21_.tif,True,S2B,2022-07-14,14,T24WWU,SK,0.0172,ok
248,/mnt/research/v.gomezgilyaspik/students/smishra/S2-iceberg-areas/S2UnetPlusPlus/imgs/S2A_MSIL1C_20160725T145922_N0500_R125_T22WES_20231004T134617_pB5_11_18_.tif,True,S2A,2016-07-25,14,T22WES,SK,0.0,otsu_failed
249,/mnt/research/v.gomezgilyaspik/students/smishra/S2-iceberg-areas/S2UnetPlusPlus/imgs/S2A_MSIL1C_20190705T141011_N0500_R053_T24WWU_20230603T191421_pB5_11_23_.tif,True,S2A,2019-07-05,14,T24WWU,SK,0.0,otsu_failed
250,/mnt/research/v.gomezgilyaspik/students/smishra/S2-iceberg-areas/S2UnetPlusPlus/imgs/S2A_MSIL1C_20160725T145922_N0500_R125_T22WES_20231004T134617_pB5_13_15_.tif,True,S2A,2016-07-25,14,T22WES,SK,0.0,otsu_failed
251,/mnt/research/v.gomezgilyaspik/students/smishra/S2-iceberg-areas/S2UnetPlusPlus/imgs/S2A_MSIL1C_20160725T145922_N0500_R125_T22WES_20231004T134617_pB5_12_18_.tif,True,S2A,2016-07-25,14,T22WES,SK,0.0,otsu_failed
252,/mnt/research/v.gomezgilyaspik/students/smishra/S2-iceberg-areas/S2UnetPlusPlus/imgs/S2A_MSIL1C_20200825T140021_N0209_R010_T25WER_20200825T174728_pB2_38_5_.tif,True,S2A,2020-08-25,14,T25WER,KQ,0.0541,ok
253,/mnt/research/v.gomezgilyaspik/students/smishra/S2-iceberg-areas/S2UnetPlusPlus/imgs/S2B_MSIL1C_20220912T140739_N0400_R053_T24WWT_20220912T173328_pB4_28_0_.tif,True,S2B,2022-09-12,14,T24WWT,SK,0.0164,ok
254,/mnt/research/v.gomezgilyaspik/students/smishra/S2-iceberg-areas/S2UnetPlusPlus/imgs/S2A_MSIL1C_20160725T145922_N0500_R125_T22WES_20231004T134617_pB5_13_14_.tif,True,S2A,2016-07-25,14,T22WES,SK,0.1173,ok
255,/mnt/research/v.gomezgilyaspik/students/smishra/S2-iceberg-areas/S2UnetPlusPlus/imgs/S2A_MSIL1C_20160923T145932_N0500_R125_T22WES_20231006T022513_pB5_25_24_.tif,True,S2A,2016-09-23,14,T22WES,SK,0.0,otsu_failed
256,/mnt/research/v.gomezgilyaspik/students/smishra/S2-iceberg-areas/S2UnetPlusPlus/imgs/S2A_MSIL1C_20210729T145921_N0500_R125_T22WES_20230122T163521_pB5_21_12_.tif,True,S2A,2021-07-29,14,T22WES,SK,0.0,otsu_failed
257,/mnt/research/v.gomezgilyaspik/students/smishra/S2-iceberg-areas/S2UnetPlusPlus/imgs/S2A_MSIL1C_20160923T145932_N0500_R125_T22WES_20231006T022513_pB5_21_19_.tif,True,S2A,2016-09-23,14,T22WES,SK,0.1497,ok
258,/mnt/research/v.gomezgilyaspik/students/smishra/S2-iceberg-areas/S2UnetPlusPlus/imgs/S2B_MSIL1C_20170801T144919_N0500_R082_T22WES_20230804T124536_pB5_20_18_.tif,True,S2B,2017-08-01,14,T22WES,SK,0.3988,ok
259,/mnt/research/v.gomezgilyaspik/students/smishra/S2-iceberg-areas/S2UnetPlusPlus/imgs/S2B_MSIL1C_20240911T140739_N0511_R053_T24WWU_20240911T160952_pB5_6_18_.tif,True,S2B,2024-09-11,14,T24WWU,SK,0.9279,ok
260,/mnt/research/v.gomezgilyaspik/students/smishra/S2-iceberg-areas/S2UnetPlusPlus/imgs/S2A_MSIL1C_20170831T140011_N0500_R010_T25WER_20230831T055412_pB5_3_8_.tif,True,S2A,2017-08-31,14,T25WER,KQ,0.0,otsu_failed
261,/mnt/research/v.gomezgilyaspik/students/smishra/S2-iceberg-areas/S2UnetPlusPlus/imgs/S2A_MSIL1C_20190705T141011_N0500_R053_T24WWT_20230603T191421_pB5_10_38_.tif,True,S2A,2019-07-05,14,T24WWT,SK,0.0,otsu_failed
262,/mnt/research/v.gomezgilyaspik/students/smishra/S2-iceberg-areas/S2UnetPlusPlus/imgs/S2B_MSIL1C_20190812T141749_N0500_R096_T24WWU_20230505T121941_pB5_18_22_.tif,True,S2B,2019-08-12,14,T24WWU,SK,0.0,otsu_failed
263,/mnt/research/v.gomezgilyaspik/students/smishra/S2-iceberg-areas/S2UnetPlusPlus/imgs/S2B_MSIL1C_20190723T155829_N0500_R097_T21WWU_20230718T015434_pB5_4_17_.tif,True,S2B,2019-07-23,15,T21WWU,SK,0.5172,ok
264,/mnt/research/v.gomezgilyaspik/students/smishra/S2-iceberg-areas/S2UnetPlusPlus/imgs/S2A_MSIL1C_20190903T141011_N0500_R053_T24WWU_20230501T094031_pB5_6_20_.tif,True,S2A,2019-09-03,14,T24WWU,SK,0.5986,ok
265,/mnt/research/v.gomezgilyaspik/students/smishra/S2-iceberg-areas/S2UnetPlusPlus/imgs/S2B_MSIL1C_20220912T140739_N0400_R053_T24WWU_20220912T173328_pB4_7_22_.tif,True,S2B,2022-09-12,14,T24WWU,SK,0.0,otsu_failed
266,/mnt/research/v.gomezgilyaspik/students/smishra/S2-iceberg-areas/S2UnetPlusPlus/imgs/S2B_MSIL1C_20200827T134729_N0500_R110_T25WER_20230402T232045_pB5_28_10_.tif,True,S2B,2020-08-27,13,T25WER,KQ,0.2519,ok
267,/mnt/research/v.gomezgilyaspik/students/smishra/S2-iceberg-areas/S2UnetPlusPlus/imgs/S2A_MSIL1C_20160725T145922_N0500_R125_T22WES_20231004T134617_pB5_11_17_.tif,True,S2A,2016-07-25,14,T22WES,SK,0.0,otsu_failed
268,/mnt/research/v.gomezgilyaspik/students/smishra/S2-iceberg-areas/S2UnetPlusPlus/imgs/S2B_MSIL1C_20210917T140729_N0500_R053_T24WWU_20230115T022255_pB5_8_29_.tif,True,S2B,2021-09-17,14,T24WWU,SK,0.0,otsu_failed
269,/mnt/research/v.gomezgilyaspik/students/smishra/S2-iceberg-areas/S2UnetPlusPlus/imgs/S2A_MSIL1C_20190705T141011_N0500_R053_T24WWU_20230603T191421_pB5_7_30_.tif,True,S2A,2019-07-05,14,T24WWU,SK,0.0,otsu_failed
270,/mnt/research/v.gomezgilyaspik/students/smishra/S2-iceberg-areas/S2UnetPlusPlus/imgs/S2A_MSIL1C_20160707T153912_N0500_R011_T22WDB_20231030T140833_pB5_12_37_.tif,True,S2A,2016-07-07,15,T22WDB,SK,0.0,otsu_failed
271,/mnt/research/v.gomezgilyaspik/students/smishra/S2-iceberg-areas/S2UnetPlusPlus/imgs/S2A_MSIL1C_20180723T141951_N0500_R096_T24WWU_20230628T041823_pB5_8_26_.tif,True,S2A,2018-07-23,14,T24WWU,SK,0.3963,ok
272,/mnt/research/v.gomezgilyaspik/students/smishra/S2-iceberg-areas/S2UnetPlusPlus/imgs/S2A_MSIL1C_20180723T141951_N0500_R096_T24WWU_20230628T041823_pB5_13_24_.tif,True,S2A,2018-07-23,14,T24WWU,SK,0.0979,ok
273,/mnt/research/v.gomezgilyaspik/students/smishra/S2-iceberg-areas/S2UnetPlusPlus/imgs/S2A_MSIL1C_20190903T141011_N0500_R053_T24WWT_20230501T094031_pB5_18_0_.tif,True,S2A,2019-09-03,14,T24WWT,SK,0.0106,ok
274,/mnt/research/v.gomezgilyaspik/students/smishra/S2-iceberg-areas/S2UnetPlusPlus/imgs/S2A_MSIL1C_20190903T141011_N0500_R053_T24WWU_20230501T094031_pB5_28_18_.tif,True,S2A,2019-09-03,14,T24WWU,SK,0.0127,ok
275,/mnt/research/v.gomezgilyaspik/students/smishra/S2-iceberg-areas/S2UnetPlusPlus/imgs/S2A_MSIL1C_20190903T141011_N0500_R053_T24WWU_20230501T094031_pB5_9_27_.tif,True,S2A,2019-09-03,14,T24WWU,SK,0.0836,ok
276,/mnt/research/v.gomezgilyaspik/students/smishra/S2-iceberg-areas/S2UnetPlusPlus/imgs/S2A_MSIL1C_20190903T141011_N0500_R053_T24WWU_20230501T094031_pB5_7_20_.tif,True,S2A,2019-09-03,14,T24WWU,SK,0.7967,ok
277,/mnt/research/v.gomezgilyaspik/students/smishra/S2-iceberg-areas/S2UnetPlusPlus/imgs/S2A_MSIL1C_20190705T141011_N0500_R053_T24WWT_20230603T191421_pB5_7_6_.tif,True,S2A,2019-07-05,14,T24WWT,SK,0.0,otsu_failed
278,/mnt/research/v.gomezgilyaspik/students/smishra/S2-iceberg-areas/S2UnetPlusPlus/imgs/S2B_MSIL1C_20170801T144919_N0500_R082_T22WES_20230804T124536_pB5_22_22_.tif,True,S2B,2017-08-01,14,T22WES,SK,0.0,otsu_failed
279,/mnt/research/v.gomezgilyaspik/students/smishra/S2-iceberg-areas/S2UnetPlusPlus/imgs/S2A_MSIL1C_20160923T145932_N0500_R125_T22WES_20231006T022513_pB5_10_14_.tif,True,S2A,2016-09-23,14,T22WES,SK,0.0,otsu_failed
280,/mnt/research/v.gomezgilyaspik/students/smishra/S2-iceberg-areas/S2UnetPlusPlus/imgs/S2A_MSIL1C_20160923T145932_N0500_R125_T22WES_20231006T022513_pB5_22_21_.tif,True,S2A,2016-09-23,14,T22WES,SK,0.0,otsu_failed
281,/mnt/research/v.gomezgilyaspik/students/smishra/S2-iceberg-areas/S2UnetPlusPlus/imgs/S2A_MSIL1C_20190817T141951_N0500_R096_T24WWU_20230503T120828_pB5_15_21_.tif,True,S2A,2019-08-17,14,T24WWU,SK,0.0149,ok
282,/mnt/research/v.gomezgilyaspik/students/smishra/S2-iceberg-areas/S2UnetPlusPlus/imgs/S2B_MSIL1C_20170730T141009_N0500_R053_T24WWU_20230901T040701_pB5_6_20_.tif,True,S2B,2017-07-30,14,T24WWU,SK,0.6488,ok
283,/mnt/research/v.gomezgilyaspik/students/smishra/S2-iceberg-areas/S2UnetPlusPlus/imgs/S2A_MSIL1C_20170808T152911_N0500_R111_T22WDB_20230829T170819_pB5_29_32_.tif,True,S2A,2017-08-08,15,T22WDB,SK,0.0002,ok
284,/mnt/research/v.gomezgilyaspik/students/smishra/S2-iceberg-areas/S2UnetPlusPlus/imgs/S2A_MSIL1C_20210729T145921_N0500_R125_T22WES_20230122T163521_pB5_10_17_.tif,True,S2A,2021-07-29,14,T22WES,SK,0.0,otsu_failed
285,/mnt/research/v.gomezgilyaspik/students/smishra/S2-iceberg-areas/S2UnetPlusPlus/imgs/S2B_MSIL1C_20170801T144919_N0500_R082_T22WES_20230804T124536_pB5_17_16_.tif,True,S2B,2017-08-01,14,T22WES,SK,0.0,otsu_failed
286,/mnt/research/v.gomezgilyaspik/students/smishra/S2-iceberg-areas/S2UnetPlusPlus/imgs/S2B_MSIL1C_20180715T140739_N0500_R053_T24WWU_20230712T120037_pB5_27_14_.tif,True,S2B,2018-07-15,14,T24WWU,SK,0.5934,ok
287,/mnt/research/v.gomezgilyaspik/students/smishra/S2-iceberg-areas/S2UnetPlusPlus/imgs/S2A_MSIL1C_20160707T153912_N0500_R011_T22WDB_20231030T140833_pB5_12_36_.tif,True,S2A,2016-07-07,15,T22WDB,SK,0.2713,ok
288,/mnt/research/v.gomezgilyaspik/students/smishra/S2-iceberg-areas/S2UnetPlusPlus/imgs/S2B_MSIL1C_20200704T140739_N0500_R053_T24WWU_20230320T152013_pB5_12_26_.tif,True,S2B,2020-07-04,14,T24WWU,SK,0.0,otsu_failed
289,/mnt/research/v.gomezgilyaspik/students/smishra/S2-iceberg-areas/S2UnetPlusPlus/imgs/S2A_MSIL1C_20210729T145921_N0500_R125_T22WES_20230122T163521_pB5_11_18_.tif,True,S2A,2021-07-29,14,T22WES,SK,0.0,otsu_failed
290,/mnt/research/v.gomezgilyaspik/students/smishra/S2-iceberg-areas/S2UnetPlusPlus/imgs/S2A_MSIL1C_20230807T152811_N0509_R111_T21WXU_20230807T203245_pB5_11_41_.tif,True,S2A,2023-08-07,15,T21WXU,SK,0.0263,ok
291,/mnt/research/v.gomezgilyaspik/students/smishra/S2-iceberg-areas/S2UnetPlusPlus/imgs/S2A_MSIL1C_20210729T145921_N0500_R125_T22WES_20230122T163521_pB5_11_17_.tif,True,S2A,2021-07-29,14,T22WES,SK,0.0,otsu_failed
292,/mnt/research/v.gomezgilyaspik/students/smishra/S2-iceberg-areas/S2UnetPlusPlus/imgs/S2B_MSIL1C_20180824T140729_N0500_R053_T25WER_20230813T110012_pB5_2_7_.tif,True,S2B,2018-08-24,14,T25WER,KQ,0.0,otsu_failed
293,/mnt/research/v.gomezgilyaspik/students/smishra/S2-iceberg-areas/S2UnetPlusPlus/imgs/S2B_MSIL1C_20170730T141009_N0500_R053_T24WWU_20230901T040701_pB5_25_19_.tif,True,S2B,2017-07-30,14,T24WWU,SK,0.1248,ok
294,/mnt/research/v.gomezgilyaspik/students/smishra/S2-iceberg-areas/S2UnetPlusPlus/imgs/S2A_MSIL1C_20160923T145932_N0500_R125_T22WES_20231006T022513_pB5_12_14_.tif,True,S2A,2016-09-23,14,T22WES,SK,0.2353,ok
295,/mnt/research/v.gomezgilyaspik/students/smishra/S2-iceberg-areas/S2UnetPlusPlus/imgs/S2A_MSIL1C_20190903T141011_N0500_R053_T24WWU_20230501T094031_pB5_22_10_.tif,True,S2A,2019-09-03,14,T24WWU,SK,0.0,otsu_failed
296,/mnt/research/v.gomezgilyaspik/students/smishra/S2-iceberg-areas/S2UnetPlusPlus/imgs/S2B_MSIL1C_20180824T140729_N0500_R053_T25WER_20230813T110012_pB5_29_9_.tif,True,S2B,2018-08-24,14,T25WER,KQ,0.238,ok
297,/mnt/research/v.gomezgilyaspik/students/smishra/S2-iceberg-areas/S2UnetPlusPlus/imgs/S2B_MSIL1C_20190714T134739_N0500_R110_T25WER_20230528T040828_pB5_39_11_.tif,True,S2B,2019-07-14,13,T25WER,KQ,0.0012,ok
298,/mnt/research/v.gomezgilyaspik/students/smishra/S2-iceberg-areas/S2UnetPlusPlus/imgs/S2B_MSIL1C_20180715T140739_N0500_R053_T24WWU_20230712T120037_pB5_8_29_.tif,True,S2B,2018-07-15,14,T24WWU,SK,0.0,otsu_failed
299,/mnt/research/v.gomezgilyaspik/students/smishra/S2-iceberg-areas/S2UnetPlusPlus/imgs/S2A_MSIL1C_20160923T145932_N0500_R125_T22WES_20231006T022513_pB5_18_15_.tif,True,S2A,2016-09-23,14,T22WES,SK,0.0,otsu_failed
300,/mnt/research/v.gomezgilyaspik/students/smishra/S2-iceberg-areas/S2UnetPlusPlus/imgs/S2A_MSIL1C_20190903T141011_N0500_R053_T24WWU_20230501T094031_pB5_8_27_.tif,True,S2A,2019-09-03,14,T24WWU,SK,0.1725,ok
301,/mnt/research/v.gomezgilyaspik/students/smishra/S2-iceberg-areas/S2UnetPlusPlus/imgs/S2B_MSIL1C_20240911T140739_N0511_R053_T24WWU_20240911T160952_pB5_7_17_.tif,True,S2B,2024-09-11,14,T24WWU,SK,0.0,otsu_failed
302,/mnt/research/v.gomezgilyaspik/students/smishra/S2-iceberg-areas/S2UnetPlusPlus/imgs/S2B_MSIL1C_20170801T144919_N0500_R082_T22WES_20230804T124536_pB5_16_14_.tif,True,S2B,2017-08-01,14,T22WES,SK,0.0,otsu_failed
303,/mnt/research/v.gomezgilyaspik/students/smishra/S2-iceberg-areas/S2UnetPlusPlus/imgs/S2A_MSIL1C_20180730T154911_N0500_R054_T21WXU_20230721T085136_pB5_7_28_.tif,True,S2A,2018-07-30,15,T21WXU,SK,0.0,otsu_failed
304,/mnt/research/v.gomezgilyaspik/students/smishra/S2-iceberg-areas/S2UnetPlusPlus/imgs/S2A_MSIL1C_20240824T140041_N0511_R010_T25WER_20240824T174017_pB5_24_20_.tif,True,S2A,2024-08-24,14,T25WER,KQ,0.0179,ok
305,/mnt/research/v.gomezgilyaspik/students/smishra/S2-iceberg-areas/S2UnetPlusPlus/imgs/S2B_MSIL1C_20170809T141009_N0500_R053_T24WWU_20230804T231749_pB5_6_26_.tif,True,S2B,2017-08-09,14,T24WWU,SK,0.0,otsu_failed
306,/mnt/research/v.gomezgilyaspik/students/smishra/S2-iceberg-areas/S2UnetPlusPlus/imgs/S2B_MSIL1C_20220714T140739_N0400_R053_T24WWU_20220714T173724_pB4_7_18_.tif,True,S2B,2022-07-14,14,T24WWU,SK,0.0,otsu_failed
307,/mnt/research/v.gomezgilyaspik/students/smishra/S2-iceberg-areas/S2UnetPlusPlus/imgs/S2B_MSIL1C_20170801T144919_N0500_R082_T22WES_20230804T124536_pB5_22_21_.tif,True,S2B,2017-08-01,14,T22WES,SK,0.0,otsu_failed
308,/mnt/research/v.gomezgilyaspik/students/smishra/S2-iceberg-areas/S2UnetPlusPlus/imgs/S2B_MSIL1C_20170801T144919_N0500_R082_T22WES_20230804T124536_pB5_20_17_.tif,True,S2B,2017-08-01,14,T22WES,SK,0.0,otsu_failed
309,/mnt/research/v.gomezgilyaspik/students/smishra/S2-iceberg-areas/S2UnetPlusPlus/imgs/S2A_MSIL1C_20160830T151912_N0500_R068_T22WDB_20231020T235443_pB5_5_2_.tif,True,S2A,2016-08-30,15,T22WDB,SK,0.0,otsu_failed
310,/mnt/research/v.gomezgilyaspik/students/smishra/S2-iceberg-areas/S2UnetPlusPlus/imgs/S2B_MSIL1C_20170813T135029_N0500_R110_T25WER_20230830T221846_pB5_21_24_.tif,True,S2B,2017-08-13,13,T25WER,KQ,0.0494,ok
311,/mnt/research/v.gomezgilyaspik/students/smishra/S2-iceberg-areas/S2UnetPlusPlus/imgs/S2B_MSIL1C_20190809T154819_N0500_R054_T21WXU_20230719T164818_pB5_20_37_.tif,True,S2B,2019-08-09,15,T21WXU,SK,0.0,otsu_failed
312,/mnt/research/v.gomezgilyaspik/students/smishra/S2-iceberg-areas/S2UnetPlusPlus/imgs/S2A_MSIL1C_20240824T140041_N0511_R010_T25WER_20240824T174017_pB5_10_20_.tif,True,S2A,2024-08-24,14,T25WER,KQ,0.0,otsu_failed
313,/mnt/research/v.gomezgilyaspik/students/smishra/S2-iceberg-areas/S2UnetPlusPlus/imgs/S2B_MSIL1C_20210917T140729_N0500_R053_T24WWU_20230115T022255_pB5_7_21_.tif,True,S2B,2021-09-17,14,T24WWU,SK,0.406,ok
314,/mnt/research/v.gomezgilyaspik/students/smishra/S2-iceberg-areas/S2UnetPlusPlus/imgs/S2A_MSIL1C_20180723T141951_N0500_R096_T24WWU_20230628T041823_pB5_7_22_.tif,True,S2A,2018-07-23,14,T24WWU,SK,0.6105,ok
315,/mnt/research/v.gomezgilyaspik/students/smishra/S2-iceberg-areas/S2UnetPlusPlus/imgs/S2A_MSIL1C_20240824T140041_N0511_R010_T25WER_20240824T174017_pB5_19_18_.tif,True,S2A,2024-08-24,14,T25WER,KQ,0.031,ok
316,/mnt/research/v.gomezgilyaspik/students/smishra/S2-iceberg-areas/S2UnetPlusPlus/imgs/S2A_MSIL1C_20190705T141011_N0500_R053_T24WWU_20230603T191421_pB5_19_21_.tif,True,S2A,2019-07-05,14,T24WWU,SK,0.0,otsu_failed
317,/mnt/research/v.gomezgilyaspik/students/smishra/S2-iceberg-areas/S2UnetPlusPlus/imgs/S2A_MSIL1C_20240824T140041_N0511_R010_T25WER_20240824T174017_pB5_20_27_.tif,True,S2A,2024-08-24,14,T25WER,KQ,0.002,ok
318,/mnt/research/v.gomezgilyaspik/students/smishra/S2-iceberg-areas/S2UnetPlusPlus/imgs/S2B_MSIL1C_20240911T140739_N0511_R053_T24WWU_20240911T160952_pB5_13_23_.tif,True,S2B,2024-09-11,14,T24WWU,SK,0.0,otsu_failed
319,/mnt/research/v.gomezgilyaspik/students/smishra/S2-iceberg-areas/S2UnetPlusPlus/imgs/S2A_MSIL1C_20160725T145922_N0500_R125_T22WES_20231004T134617_pB5_5_15_.tif,True,S2A,2016-07-25,14,T22WES,SK,0.0,otsu_failed
320,/mnt/research/v.gomezgilyaspik/students/smishra/S2-iceberg-areas/S2UnetPlusPlus/imgs/S2A_MSIL1C_20210917T145921_N0500_R125_T22WES_20230113T075502_pB5_25_25_.tif,True,S2A,2021-09-17,14,T22WES,SK,0.0,otsu_failed
321,/mnt/research/v.gomezgilyaspik/students/smishra/S2-iceberg-areas/S2UnetPlusPlus/imgs/S2A_MSIL1C_20190903T141011_N0500_R053_T24WWU_20230501T094031_pB5_16_25_.tif,True,S2A,2019-09-03,14,T24WWU,SK,0.0,otsu_failed
322,/mnt/research/v.gomezgilyaspik/students/smishra/S2-iceberg-areas/S2UnetPlusPlus/imgs/S2B_MSIL1C_20200827T134729_N0500_R110_T25WER_20230402T232045_pB5_38_8_.tif,True,S2B,2020-08-27,13,T25WER,KQ,0.0,otsu_failed
323,/mnt/research/v.gomezgilyaspik/students/smishra/S2-iceberg-areas/S2UnetPlusPlus/imgs/S2A_MSIL1C_20160707T153912_N0500_R011_T22WDB_20231030T140833_pB5_9_35_.tif,True,S2A,2016-07-07,15,T22WDB,SK,0.1465,ok
324,/mnt/research/v.gomezgilyaspik/students/smishra/S2-iceberg-areas/S2UnetPlusPlus/imgs/S2A_MSIL1C_20160725T145922_N0500_R125_T22WES_20231004T134617_pB5_10_12_.tif,True,S2A,2016-07-25,14,T22WES,SK,0.2808,ok
325,/mnt/research/v.gomezgilyaspik/students/smishra/S2-iceberg-areas/S2UnetPlusPlus/imgs/S2A_MSIL1C_20160725T145922_N0500_R125_T22WES_20231004T134617_pB5_10_13_.tif,True,S2A,2016-07-25,14,T22WES,SK,0.3895,ok
326,/mnt/research/v.gomezgilyaspik/students/smishra/S2-iceberg-areas/S2UnetPlusPlus/imgs/S2A_MSIL1C_20160725T145922_N0500_R125_T22WES_20231004T134617_pB5_15_14_.tif,True,S2A,2016-07-25,14,T22WES,SK,0.0,otsu_failed
327,/mnt/research/v.gomezgilyaspik/students/smishra/S2-iceberg-areas/S2UnetPlusPlus/imgs/S2A_MSIL1C_20160725T145922_N0500_R125_T22WES_20231004T134617_pB5_26_25_.tif,True,S2A,2016-07-25,14,T22WES,SK,0.0,otsu_failed
328,/mnt/research/v.gomezgilyaspik/students/smishra/S2-iceberg-areas/S2UnetPlusPlus/imgs/S2A_MSIL1C_20160802T141952_N0500_R096_T24WWU_20231001T172901_pB5_7_26_.tif,True,S2A,2016-08-02,14,T24WWU,SK,0.0,otsu_failed
329,/mnt/research/v.gomezgilyaspik/students/smishra/S2-iceberg-areas/S2UnetPlusPlus/imgs/S2A_MSIL1C_20160830T151912_N0500_R068_T22WDB_20231020T235443_pB5_10_40_.tif,True,S2A,2016-08-30,15,T22WDB,SK,0.0,otsu_failed
330,/mnt/research/v.gomezgilyaspik/students/smishra/S2-iceberg-areas/S2UnetPlusPlus/imgs/S2A_MSIL1C_20160923T145932_N0500_R125_T22WES_20231006T022513_pB5_10_12_.tif,True,S2A,2016-09-23,14,T22WES,SK,0.1834,ok
331,/mnt/research/v.gomezgilyaspik/students/smishra/S2-iceberg-areas/S2UnetPlusPlus/imgs/S2A_MSIL1C_20160923T145932_N0500_R125_T22WES_20231006T022513_pB5_10_16_.tif,True,S2A,2016-09-23,14,T22WES,SK,0.0,otsu_failed
332,/mnt/research/v.gomezgilyaspik/students/smishra/S2-iceberg-areas/S2UnetPlusPlus/imgs/S2A_MSIL1C_20160923T145932_N0500_R125_T22WES_20231006T022513_pB5_10_17_.tif,True,S2A,2016-09-23,14,T22WES,SK,0.0,otsu_failed
333,/mnt/research/v.gomezgilyaspik/students/smishra/S2-iceberg-areas/S2UnetPlusPlus/imgs/S2A_MSIL1C_20160923T145932_N0500_R125_T22WES_20231006T022513_pB5_14_14_.tif,True,S2A,2016-09-23,14,T22WES,SK,0.3156,ok
334,/mnt/research/v.gomezgilyaspik/students/smishra/S2-iceberg-areas/S2UnetPlusPlus/imgs/S2A_MSIL1C_20160923T145932_N0500_R125_T22WES_20231006T022513_pB5_14_15_.tif,True,S2A,2016-09-23,14,T22WES,SK,0.0,otsu_failed
335,/mnt/research/v.gomezgilyaspik/students/smishra/S2-iceberg-areas/S2UnetPlusPlus/imgs/S2A_MSIL1C_20160923T145932_N0500_R125_T22WES_20231006T022513_pB5_17_15_.tif,True,S2A,2016-09-23,14,T22WES,SK,0.1714,ok
336,/mnt/research/v.gomezgilyaspik/students/smishra/S2-iceberg-areas/S2UnetPlusPlus/imgs/S2A_MSIL1C_20170710T145911_N0500_R125_T22WES_20230901T062816_pB5_10_17_.tif,True,S2A,2017-07-10,14,T22WES,SK,0.0,otsu_failed
337,/mnt/research/v.gomezgilyaspik/students/smishra/S2-iceberg-areas/S2UnetPlusPlus/imgs/S2A_MSIL1C_20170710T145911_N0500_R125_T22WES_20230901T062816_pB5_12_18_.tif,True,S2A,2017-07-10,14,T22WES,SK,0.0,otsu_failed
338,/mnt/research/v.gomezgilyaspik/students/smishra/S2-iceberg-areas/S2UnetPlusPlus/imgs/S2A_MSIL1C_20170710T145911_N0500_R125_T22WES_20230901T062816_pB5_18_17_.tif,True,S2A,2017-07-10,14,T22WES,SK,0.0,otsu_failed
339,/mnt/research/v.gomezgilyaspik/students/smishra/S2-iceberg-areas/S2UnetPlusPlus/imgs/S2A_MSIL1C_20170815T151911_N0500_R068_T22WDB_20230821T111929_pB5_7_2_.tif,True,S2A,2017-08-15,15,T22WDB,SK,0.0049,ok
340,/mnt/research/v.gomezgilyaspik/students/smishra/S2-iceberg-areas/S2UnetPlusPlus/imgs/S2A_MSIL1C_20170831T140011_N0500_R010_T25WER_20230831T055412_pB5_27_19_.tif,True,S2A,2017-08-31,14,T25WER,KQ,0.0227,ok
341,/mnt/research/v.gomezgilyaspik/students/smishra/S2-iceberg-areas/S2UnetPlusPlus/imgs/S2A_MSIL1C_20170913T141001_N0500_R053_T24WWT_20230823T170052_pB5_11_8_.tif,True,S2A,2017-09-13,14,T24WWT,SK,0.0,otsu_failed
342,/mnt/research/v.gomezgilyaspik/students/smishra/S2-iceberg-areas/S2UnetPlusPlus/imgs/S2A_MSIL1C_20190705T141011_N0500_R053_T24WWT_20230603T191421_pB5_10_12_.tif,True,S2A,2019-07-05,14,T24WWT,SK,0.0333,ok
343,/mnt/research/v.gomezgilyaspik/students/smishra/S2-iceberg-areas/S2UnetPlusPlus/imgs/S2A_MSIL1C_20200822T152911_N0209_R111_T21WXU_20200822T191829_pB2_19_32_.tif,True,S2A,2020-08-22,15,T21WXU,SK,0.0199,ok
344,/mnt/research/v.gomezgilyaspik/students/smishra/S2-iceberg-areas/S2UnetPlusPlus/imgs/S2A_MSIL1C_20210729T145921_N0500_R125_T22WES_20230122T163521_pB5_24_23_.tif,True,S2A,2021-07-29,14,T22WES,SK,0.0,otsu_failed
345,/mnt/research/v.gomezgilyaspik/students/smishra/S2-iceberg-areas/S2UnetPlusPlus/imgs/S2A_MSIL1C_20210917T145921_N0500_R125_T22WES_20230113T075502_pB5_21_19_.tif,True,S2A,2021-09-17,14,T22WES,SK,0.4205,ok
346,/mnt/research/v.gomezgilyaspik/students/smishra/S2-iceberg-areas/S2UnetPlusPlus/imgs/S2B_MSIL1C_20170801T144919_N0500_R082_T22WES_20230804T124536_pB5_19_17_.tif,True,S2B,2017-08-01,14,T22WES,SK,0.0,otsu_failed
347,/mnt/research/v.gomezgilyaspik/students/smishra/S2-iceberg-areas/S2UnetPlusPlus/imgs/S2B_MSIL1C_20170801T144919_N0500_R082_T22WES_20230804T124536_pB5_23_22_.tif,True,S2B,2017-08-01,14,T22WES,SK,0.0,otsu_failed
348,/mnt/research/v.gomezgilyaspik/students/smishra/S2-iceberg-areas/S2UnetPlusPlus/imgs/S2B_MSIL1C_20170801T144919_N0500_R082_T22WES_20230804T124536_pB5_5_15_.tif,True,S2B,2017-08-01,14,T22WES,SK,0.0,otsu_failed
349,/mnt/research/v.gomezgilyaspik/students/smishra/S2-iceberg-areas/S2UnetPlusPlus/imgs/S2B_MSIL1C_20170802T141949_N0500_R096_T24WWU_20230804T130632_pB5_16_21_.tif,True,S2B,2017-08-02,14,T24WWU,SK,0.101,ok
350,/mnt/research/v.gomezgilyaspik/students/smishra/S2-iceberg-areas/S2UnetPlusPlus/imgs/S2B_MSIL1C_20170809T141009_N0500_R053_T24WWU_20230804T231749_pB5_21_20_.tif,True,S2B,2017-08-09,14,T24WWU,SK,0.1346,ok
351,/mnt/research/v.gomezgilyaspik/students/smishra/S2-iceberg-areas/S2UnetPlusPlus/imgs/S2B_MSIL1C_20180715T140739_N0500_R053_T24WWU_20230712T120037_pB5_6_14_.tif,True,S2B,2018-07-15,14,T24WWU,SK,0.0,otsu_failed
352,/mnt/research/v.gomezgilyaspik/students/smishra/S2-iceberg-areas/S2UnetPlusPlus/imgs/S2B_MSIL1C_20180824T140729_N0500_R053_T25WER_20230813T110012_pB5_7_13_.tif,True,S2B,2018-08-24,14,T25WER,KQ,0.1142,ok
353,/mnt/research/v.gomezgilyaspik/students/smishra/S2-iceberg-areas/S2UnetPlusPlus/imgs/S2B_MSIL1C_20180913T140829_N0500_R053_T24WWU_20230707T095241_pB5_8_24_.tif,True,S2B,2018-09-13,14,T24WWU,SK,0.0,otsu_failed
354,/mnt/research/v.gomezgilyaspik/students/smishra/S2-iceberg-areas/S2UnetPlusPlus/imgs/S2B_MSIL1C_20190812T141749_N0500_R096_T24WWU_20230505T121941_pB5_25_21_.tif,True,S2B,2019-08-12,14,T24WWU,SK,0.0,otsu_failed
355,/mnt/research/v.gomezgilyaspik/students/smishra/S2-iceberg-areas/S2UnetPlusPlus/imgs/S2B_MSIL1C_20200717T141739_N0209_R096_T24WWU_20200717T143551_pB2_24_11_.tif,True,S2B,2020-07-17,14,T24WWU,SK,0.0,otsu_failed
356,/mnt/research/v.gomezgilyaspik/students/smishra/S2-iceberg-areas/S2UnetPlusPlus/imgs/S2B_MSIL1C_20200805T144759_N0500_R082_T22WES_20230403T042612_pB5_5_15_.tif,True,S2B,2020-08-05,14,T22WES,SK,0.0,otsu_failed
357,/mnt/research/v.gomezgilyaspik/students/smishra/S2-iceberg-areas/S2UnetPlusPlus/imgs/S2B_MSIL1C_20200823T140739_N0500_R053_T24WWU_20230321T131119_pB5_30_32_.tif,True,S2B,2020-08-23,14,T24WWU,SK,0.0,otsu_failed
358,/mnt/research/v.gomezgilyaspik/students/smishra/S2-iceberg-areas/S2UnetPlusPlus/imgs/S2B_MSIL1C_20200830T135739_N0500_R010_T25WER_20230321T193340_pB5_35_1_.tif,True,S2B,2020-08-30,13,T25WER,KQ,0.0,otsu_failed
359,/mnt/research/v.gomezgilyaspik/students/smishra/S2-iceberg-areas/S2UnetPlusPlus/imgs/S2B_MSIL1C_20210917T140729_N0500_R053_T24WWU_20230115T022255_pB5_8_22_.tif,True,S2B,2021-09-17,14,T24WWU,SK,0.0,otsu_failed
360,/mnt/research/v.gomezgilyaspik/students/smishra/S2-iceberg-areas/S2UnetPlusPlus/imgs/S2B_MSIL1C_20220714T140739_N0400_R053_T24WWU_20220714T173724_pB4_6_20_.tif,True,S2B,2022-07-14,14,T24WWU,SK,0.504,ok
361,/mnt/research/v.gomezgilyaspik/students/smishra/S2-iceberg-areas/S2UnetPlusPlus/imgs/S2B_MSIL1C_20220912T140739_N0400_R053_T24WWU_20220912T173328_pB4_7_17_.tif,True,S2B,2022-09-12,14,T24WWU,SK,0.0,otsu_failed
362,/mnt/research/v.gomezgilyaspik/students/smishra/S2-iceberg-areas/S2UnetPlusPlus/imgs/S2A_MSIL1C_20190705T141011_N0500_R053_T24WWU_20230603T191421_pB5_6_20_.tif,True,S2A,2019-07-05,14,T24WWU,SK,0.7986,ok
363,/mnt/research/v.gomezgilyaspik/students/smishra/S2-iceberg-areas/S2UnetPlusPlus/imgs/S2A_MSIL1C_20170710T145911_N0500_R125_T22WES_20230901T062816_pB5_26_25_.tif,True,S2A,2017-07-10,14,T22WES,SK,0.0,otsu_failed
364,/mnt/research/v.gomezgilyaspik/students/smishra/S2-iceberg-areas/S2UnetPlusPlus/imgs/S2A_MSIL1C_20160802T141952_N0500_R096_T24WWU_20231001T172901_pB5_6_26_.tif,True,S2A,2016-08-02,14,T24WWU,SK,0.0,otsu_failed
365,/mnt/research/v.gomezgilyaspik/students/smishra/S2-iceberg-areas/S2UnetPlusPlus/imgs/S2A_MSIL1C_20230807T152811_N0510_R111_T22WDB_20240821T092719_pB5_10_36_.tif,True,S2A,2023-08-07,15,T22WDB,SK,0.3015,ok
366,/mnt/research/v.gomezgilyaspik/students/smishra/S2-iceberg-areas/S2UnetPlusPlus/imgs/S2A_MSIL1C_20190705T141011_N0500_R053_T24WWU_20230603T191421_pB5_6_32_.tif,True,S2A,2019-07-05,14,T24WWU,SK,0.0,otsu_failed
367,/mnt/research/v.gomezgilyaspik/students/smishra/S2-iceberg-areas/S2UnetPlusPlus/imgs/S2A_MSIL1C_20160823T135032_N0500_R110_T25WER_20230929T041536_pB5_10_23_.tif,True,S2A,2016-08-23,13,T25WER,KQ,0.0,otsu_failed
368,/mnt/research/v.gomezgilyaspik/students/smishra/S2-iceberg-areas/S2UnetPlusPlus/imgs/S2A_MSIL1C_20160731T151912_N0500_R068_T22WDC_20231007T093618_pB5_16_38_.tif,True,S2A,2016-07-31,15,T22WDC,SK,0.0,otsu_failed
369,/mnt/research/v.gomezgilyaspik/students/smishra/S2-iceberg-areas/S2UnetPlusPlus/imgs/S2B_MSIL1C_20240727T152809_N0511_R111_T22WDC_20240727T172749_pB5_13_30_.tif,True,S2B,2024-07-27,15,T22WDC,SK,0.0,otsu_failed
370,/mnt/research/v.gomezgilyaspik/students/smishra/S2-iceberg-areas/S2UnetPlusPlus/imgs/S2A_MSIL1C_20170808T152911_N0500_R111_T22WDB_20230829T170819_pB5_11_38_.tif,True,S2A,2017-08-08,15,T22WDB,SK,0.0,otsu_failed
371,/mnt/research/v.gomezgilyaspik/students/smishra/S2-iceberg-areas/S2UnetPlusPlus/imgs/S2A_MSIL1C_20160725T145922_N0500_R125_T22WES_20231004T134617_pB5_10_16_.tif,True,S2A,2016-07-25,14,T22WES,SK,0.0,otsu_failed
372,/mnt/research/v.gomezgilyaspik/students/smishra/S2-iceberg-areas/S2UnetPlusPlus/imgs/S2A_MSIL1C_20170710T145911_N0500_R125_T22WES_20230901T062816_pB5_20_17_.tif,True,S2A,2017-07-10,14,T22WES,SK,0.0,otsu_failed
373,/mnt/research/v.gomezgilyaspik/students/smishra/S2-iceberg-areas/S2UnetPlusPlus/imgs/S2A_MSIL1C_20210830T140021_N0500_R010_T25WES_20230121T132724_pB5_36_1_.tif,True,S2A,2021-08-30,14,T25WES,KQ,0.0,otsu_failed
374,/mnt/research/v.gomezgilyaspik/students/smishra/S2-iceberg-areas/S2UnetPlusPlus/imgs/S2A_MSIL1C_20170710T145911_N0500_R125_T22WES_20230901T062816_pB5_11_17_.tif,True,S2A,2017-07-10,14,T22WES,SK,0.0,otsu_failed
375,/mnt/research/v.gomezgilyaspik/students/smishra/S2-iceberg-areas/S2UnetPlusPlus/imgs/S2B_MSIL1C_20200704T140739_N0500_R053_T24WWU_20230320T152013_pB5_23_11_.tif,True,S2B,2020-07-04,14,T24WWU,SK,0.0,otsu_failed
376,/mnt/research/v.gomezgilyaspik/students/smishra/S2-iceberg-areas/S2UnetPlusPlus/imgs/S2A_MSIL1C_20200825T140021_N0209_R010_T25WER_20200825T174728_pB2_14_13_.tif,True,S2A,2020-08-25,14,T25WER,KQ,0.0397,ok
377,/mnt/research/v.gomezgilyaspik/students/smishra/S2-iceberg-areas/S2UnetPlusPlus/imgs/S2A_MSIL1C_20160725T145922_N0500_R125_T22WES_20231004T134617_pB5_19_17_.tif,True,S2A,2016-07-25,14,T22WES,SK,0.0,otsu_failed
378,/mnt/research/v.gomezgilyaspik/students/smishra/S2-iceberg-areas/S2UnetPlusPlus/imgs/S2A_MSIL1C_20170710T145911_N0500_R125_T22WES_20230901T062816_pB5_19_17_.tif,True,S2A,2017-07-10,14,T22WES,SK,0.0,otsu_failed
379,/mnt/research/v.gomezgilyaspik/students/smishra/S2-iceberg-areas/S2UnetPlusPlus/imgs/S2A_MSIL1C_20210729T145921_N0500_R125_T22WES_20230122T163521_pB5_5_15_.tif,True,S2A,2021-07-29,14,T22WES,SK,0.0,otsu_failed
380,/mnt/research/v.gomezgilyaspik/students/smishra/S2-iceberg-areas/S2UnetPlusPlus/imgs/S2B_MSIL1C_20190714T134739_N0500_R110_T25WER_20230528T040828_pB5_27_33_.tif,True,S2B,2019-07-14,13,T25WER,KQ,0.0024,ok
381,/mnt/research/v.gomezgilyaspik/students/smishra/S2-iceberg-areas/S2UnetPlusPlus/imgs/S2A_MSIL1C_20170831T140011_N0500_R010_T25WER_20230831T055412_pB5_4_9_.tif,True,S2A,2017-08-31,14,T25WER,KQ,0.2776,ok
382,/mnt/research/v.gomezgilyaspik/students/smishra/S2-iceberg-areas/S2UnetPlusPlus/imgs/S2B_MSIL1C_20190819T140739_N0500_R053_T25WES_20230512T221421_pB5_35_7_.tif,True,S2B,2019-08-19,14,T25WES,KQ,0.0,otsu_failed
383,/mnt/research/v.gomezgilyaspik/students/smishra/S2-iceberg-areas/S2UnetPlusPlus/imgs/S2A_MSIL1C_20160725T145922_N0500_R125_T22WES_20231004T134617_pB5_12_14_.tif,True,S2A,2016-07-25,14,T22WES,SK,0.1284,ok
384,/mnt/research/v.gomezgilyaspik/students/smishra/S2-iceberg-areas/S2UnetPlusPlus/imgs/S2A_MSIL1C_20210729T145921_N0500_R125_T22WES_20230122T163521_pB5_9_9_.tif,True,S2A,2021-07-29,14,T22WES,SK,0.0,otsu_failed
385,/mnt/research/v.gomezgilyaspik/students/smishra/S2-iceberg-areas/S2UnetPlusPlus/imgs/S2B_MSIL1C_20220714T140739_N0400_R053_T24WWU_20220714T173724_pB4_11_27_.tif,True,S2B,2022-07-14,14,T24WWU,SK,0.0,otsu_failed
386,/mnt/research/v.gomezgilyaspik/students/smishra/S2-iceberg-areas/S2UnetPlusPlus/imgs/S2A_MSIL1C_20160725T145922_N0500_R125_T22WES_20231004T134617_pB5_21_18_.tif,True,S2A,2016-07-25,14,T22WES,SK,0.0,otsu_failed
387,/mnt/research/v.gomezgilyaspik/students/smishra/S2-iceberg-areas/S2UnetPlusPlus/imgs/S2A_MSIL1C_20170710T145911_N0500_R125_T22WES_20230901T062816_pB5_25_24_.tif,True,S2A,2017-07-10,14,T22WES,SK,0.0,otsu_failed
388,/mnt/research/v.gomezgilyaspik/students/smishra/S2-iceberg-areas/S2UnetPlusPlus/imgs/S2B_MSIL1C_20210917T140729_N0500_R053_T24WWU_20230115T022255_pB5_11_24_.tif,True,S2B,2021-09-17,14,T24WWU,SK,0.0,otsu_failed
389,/mnt/research/v.gomezgilyaspik/students/smishra/S2-iceberg-areas/S2UnetPlusPlus/imgs/S2A_MSIL1C_20200822T152911_N0209_R111_T21WXU_20200822T191829_pB2_28_40_.tif,True,S2A,2020-08-22,15,T21WXU,SK,0.0,otsu_failed
390,/mnt/research/v.gomezgilyaspik/students/smishra/S2-iceberg-areas/S2UnetPlusPlus/imgs/S2A_MSIL1C_20190903T141011_N0500_R053_T24WWU_20230501T094031_pB5_8_26_.tif,True,S2A,2019-09-03,14,T24WWU,SK,0.1612,ok
391,/mnt/research/v.gomezgilyaspik/students/smishra/S2-iceberg-areas/S2UnetPlusPlus/imgs/S2A_MSIL1C_20210729T145921_N0500_R125_T22WES_20230122T163521_pB5_12_18_.tif,True,S2A,2021-07-29,14,T22WES,SK,0.0,otsu_failed
392,/mnt/research/v.gomezgilyaspik/students/smishra/S2-iceberg-areas/S2UnetPlusPlus/imgs/S2A_MSIL1C_20170710T145911_N0500_R125_T22WES_20230901T062816_pB5_22_19_.tif,True,S2A,2017-07-10,14,T22WES,SK,0.0,otsu_failed
393,/mnt/research/v.gomezgilyaspik/students/smishra/S2-iceberg-areas/S2UnetPlusPlus/imgs/S2A_MSIL1C_20160923T145932_N0500_R125_T22WES_20231006T022513_pB5_22_20_.tif,True,S2A,2016-09-23,14,T22WES,SK,0.0,otsu_failed
394,/mnt/research/v.gomezgilyaspik/students/smishra/S2-iceberg-areas/S2UnetPlusPlus/imgs/S2A_MSIL1C_20170710T145911_N0500_R125_T22WES_20230901T062816_pB5_18_16_.tif,True,S2A,2017-07-10,14,T22WES,SK,0.3788,ok
395,/mnt/research/v.gomezgilyaspik/students/smishra/S2-iceberg-areas/S2UnetPlusPlus/imgs/S2B_MSIL1C_20210729T140739_N0500_R053_T25WES_20230123T052415_pB5_35_1_.tif,True,S2B,2021-07-29,14,T25WES,KQ,0.0,otsu_failed
396,/mnt/research/v.gomezgilyaspik/students/smishra/S2-iceberg-areas/S2UnetPlusPlus/imgs/S2B_MSIL1C_20240911T140739_N0511_R053_T24WWU_20240911T160952_pB5_18_20_.tif,True,S2B,2024-09-11,14,T24WWU,SK,0.0191,ok
397,/mnt/research/v.gomezgilyaspik/students/smishra/S2-iceberg-areas/S2UnetPlusPlus/imgs/S2A_MSIL1C_20160923T145932_N0500_R125_T22WES_20231006T022513_pB5_24_24_.tif,True,S2A,2016-09-23,14,T22WES,SK,0.0,otsu_failed
