global_index,tif_path,ic_frac,pass_ic,cloud_filtered,note
0,/mnt/research/v.gomezgilyaspik/students/smishra/S2-iceberg-areas/S2UnetPlusPlus/imgs/S2B_MSIL1C_20200830T135739_N0500_R010_T25WER_20230321T193340_pB5_40_2_.tif,0.0176,True,no_safe_zip,pass
1,/mnt/research/v.gomezgilyaspik/students/smishra/S2-iceberg-areas/S2UnetPlusPlus/imgs/S2A_MSIL1C_20170831T140011_N0500_R010_T25WER_20230831T055412_pB5_6_12_.tif,0.0,True,no_safe_zip,pass
2,/mnt/research/v.gomezgilyaspik/students/smishra/S2-iceberg-areas/S2UnetPlusPlus/imgs/S2A_MSIL1C_20190817T141951_N0500_R096_T24WWU_20230503T120828_pB5_10_24_.tif,0.0,True,no_safe_zip,pass
3,/mnt/research/v.gomezgilyaspik/students/smishra/S2-iceberg-areas/S2UnetPlusPlus/imgs/S2A_MSIL1C_20210729T145921_N0500_R125_T22WES_20230122T163521_pB5_12_15_.tif,0.0,True,no_safe_zip,pass
4,/mnt/research/v.gomezgilyaspik/students/smishra/S2-iceberg-areas/S2UnetPlusPlus/imgs/S2A_MSIL1C_20210731T153911_N0500_R011_T22WDB_20230224T225255_pB5_34_3_.tif,0.0,True,no_safe_zip,pass
5,/mnt/research/v.gomezgilyaspik/students/smishra/S2-iceberg-areas/S2UnetPlusPlus/imgs/S2A_MSIL1C_20170831T140011_N0500_R010_T25WER_20230831T055412_pB5_11_22_.tif,0.0,True,no_safe_zip,pass
6,/mnt/research/v.gomezgilyaspik/students/smishra/S2-iceberg-areas/S2UnetPlusPlus/imgs/S2B_MSIL1C_20190714T134739_N0500_R110_T25WER_20230528T040828_pB5_36_0_.tif,0.0,True,no_safe_zip,pass
7,/mnt/research/v.gomezgilyaspik/students/smishra/S2-iceberg-areas/S2UnetPlusPlus/imgs/S2A_MSIL1C_20160725T145922_N0500_R125_T22WES_20231004T134617_pB5_25_24_.tif,0.0,True,no_safe_zip,pass
8,/mnt/research/v.gomezgilyaspik/students/smishra/S2-iceberg-areas/S2UnetPlusPlus/imgs/S2B_MSIL1C_20200827T134729_N0500_R110_T25WER_20230402T232045_pB5_38_1_.tif,0.0,True,no_safe_zip,pass
9,/mnt/research/v.gomezgilyaspik/students/smishra/S2-iceberg-areas/S2UnetPlusPlus/imgs/S2B_MSIL1C_20200704T140739_N0500_R053_T24WWU_20230320T152013_pB5_27_13_.tif,0.0,True,no_safe_zip,pass
10,/mnt/research/v.gomezgilyaspik/students/smishra/S2-iceberg-areas/S2UnetPlusPlus/imgs/S2B_MSIL1C_20170809T141009_N0500_R053_T24WWU_20230804T231749_pB5_17_21_.tif,0.1281,True,no_safe_zip,pass
11,/mnt/research/v.gomezgilyaspik/students/smishra/S2-iceberg-areas/S2UnetPlusPlus/imgs/S2A_MSIL1C_20180721T151911_N0500_R068_T22WDC_20230713T225440_pB5_29_28_.tif,0.0102,True,no_safe_zip,pass
12,/mnt/research/v.gomezgilyaspik/students/smishra/S2-iceberg-areas/S2UnetPlusPlus/imgs/S2A_MSIL1C_20210817T152911_N0500_R111_T22WDB_20230117T070154_pB5_11_39_.tif,0.0,True,no_safe_zip,pass
13,/mnt/research/v.gomezgilyaspik/students/smishra/S2-iceberg-areas/S2UnetPlusPlus/imgs/S2B_MSIL1C_20230709T140739_N0509_R053_T24WWU_20230709T161152_pB5_26_20_.tif,0.0421,True,no_safe_zip,pass
14,/mnt/research/v.gomezgilyaspik/students/smishra/S2-iceberg-areas/S2UnetPlusPlus/imgs/S2B_MSIL1C_20170730T141009_N0500_R053_T25WES_20230901T040701_pB5_36_8_.tif,0.0894,True,no_safe_zip,pass
15,/mnt/research/v.gomezgilyaspik/students/smishra/S2-iceberg-areas/S2UnetPlusPlus/imgs/S2A_MSIL1C_20160923T145932_N0500_R125_T22WES_20231006T022513_pB5_19_16_.tif,0.0,True,no_safe_zip,pass
16,/mnt/research/v.gomezgilyaspik/students/smishra/S2-iceberg-areas/S2UnetPlusPlus/imgs/S2A_MSIL1C_20190705T141011_N0500_R053_T24WWU_20230603T191421_pB5_6_15_.tif,0.0,True,no_safe_zip,pass
17,/mnt/research/v.gomezgilyaspik/students/smishra/S2-iceberg-areas/S2UnetPlusPlus/imgs/S2A_MSIL1C_20170831T140011_N0500_R010_T25WER_20230831T055412_pB5_10_19_.tif,0.0,True,no_safe_zip,pass
18,/mnt/research/v.gomezgilyaspik/students/smishra/S2-iceberg-areas/S2UnetPlusPlus/imgs/S2B_MSIL1C_20230709T140739_N0509_R053_T24WWU_20230709T161152_pB5_13_20_.tif,0.0,True,no_safe_zip,pass
19,/mnt/research/v.gomezgilyaspik/students/smishra/S2-iceberg-areas/S2UnetPlusPlus/imgs/S2A_MSIL1C_20210729T145921_N0500_R125_T22WES_20230122T163521_pB5_23_22_.tif,0.0,True,no_safe_zip,pass
20,/mnt/research/v.gomezgilyaspik/students/smishra/S2-iceberg-areas/S2UnetPlusPlus/imgs/S2B_MSIL1C_20240911T140739_N0511_R053_T24WWU_20240911T160952_pB5_13_22_.tif,0.2894,False,no_safe_zip,ic_frac=0.2894
21,/mnt/research/v.gomezgilyaspik/students/smishra/S2-iceberg-areas/S2UnetPlusPlus/imgs/S2B_MSIL1C_20220714T140739_N0400_R053_T24WWU_20220714T173724_pB4_7_23_.tif,0.0,True,no_safe_zip,pass
22,/mnt/research/v.gomezgilyaspik/students/smishra/S2-iceberg-areas/S2UnetPlusPlus/imgs/S2A_MSIL1C_20240824T140041_N0511_R010_T25WER_20240824T174017_pB5_2_7_.tif,0.0,True,no_safe_zip,pass
23,/mnt/research/v.gomezgilyaspik/students/smishra/S2-iceberg-areas/S2UnetPlusPlus/imgs/S2A_MSIL1C_20160923T145932_N0500_R125_T22WES_20231006T022513_pB5_11_15_.tif,0.306,False,no_safe_zip,ic_frac=0.3060
24,/mnt/research/v.gomezgilyaspik/students/smishra/S2-iceberg-areas/S2UnetPlusPlus/imgs/S2A_MSIL1C_20170722T153911_N0500_R011_T22WDB_20231008T062148_pB5_12_37_.tif,0.0,True,no_safe_zip,pass
25,/mnt/research/v.gomezgilyaspik/students/smishra/S2-iceberg-areas/S2UnetPlusPlus/imgs/S2B_MSIL1C_20180913T140829_N0500_R053_T24WWU_20230707T095241_pB5_23_11_.tif,0.0,True,no_safe_zip,pass
26,/mnt/research/v.gomezgilyaspik/students/smishra/S2-iceberg-areas/S2UnetPlusPlus/imgs/S2A_MSIL1C_20160725T145922_N0500_R125_T22WES_20231004T134617_pB5_6_6_.tif,0.0,True,no_safe_zip,pass
27,/mnt/research/v.gomezgilyaspik/students/smishra/S2-iceberg-areas/S2UnetPlusPlus/imgs/S2A_MSIL1C_20160923T145932_N0500_R125_T22WES_20231006T022513_pB5_8_8_.tif,0.0,True,no_safe_zip,pass
28,/mnt/research/v.gomezgilyaspik/students/smishra/S2-iceberg-areas/S2UnetPlusPlus/imgs/S2A_MSIL1C_20160923T145932_N0500_R125_T22WES_20231006T022513_pB5_16_14_.tif,0.0,True,no_safe_zip,pass
29,/mnt/research/v.gomezgilyaspik/students/smishra/S2-iceberg-areas/S2UnetPlusPlus/imgs/S2A_MSIL1C_20180723T141951_N0500_R096_T24WWU_20230628T041823_pB5_7_17_.tif,0.0,True,no_safe_zip,pass
30,/mnt/research/v.gomezgilyaspik/students/smishra/S2-iceberg-areas/S2UnetPlusPlus/imgs/S2B_MSIL1C_20210917T140729_N0500_R053_T24WWU_20230115T022255_pB5_15_25_.tif,0.0,True,no_safe_zip,pass
31,/mnt/research/v.gomezgilyaspik/students/smishra/S2-iceberg-areas/S2UnetPlusPlus/imgs/S2A_MSIL1C_20160923T145932_N0500_R125_T22WES_20231006T022513_pB5_22_19_.tif,0.0,True,no_safe_zip,pass
32,/mnt/research/v.gomezgilyaspik/students/smishra/S2-iceberg-areas/S2UnetPlusPlus/imgs/S2A_MSIL1C_20170831T140011_N0500_R010_T25WER_20230831T055412_pB5_18_17_.tif,0.021,True,no_safe_zip,pass
33,/mnt/research/v.gomezgilyaspik/students/smishra/S2-iceberg-areas/S2UnetPlusPlus/imgs/S2A_MSIL1C_20160923T145932_N0500_R125_T22WES_20231006T022513_pB5_26_25_.tif,0.0,True,no_safe_zip,pass
34,/mnt/research/v.gomezgilyaspik/students/smishra/S2-iceberg-areas/S2UnetPlusPlus/imgs/S2A_MSIL1C_20160725T145922_N0500_R125_T22WES_20231004T134617_pB5_14_14_.tif,0.138,True,no_safe_zip,pass
35,/mnt/research/v.gomezgilyaspik/students/smishra/S2-iceberg-areas/S2UnetPlusPlus/imgs/S2A_MSIL1C_20160725T145922_N0500_R125_T22WES_20231004T134617_pB5_13_13_.tif,0.0,True,no_safe_zip,pass
36,/mnt/research/v.gomezgilyaspik/students/smishra/S2-iceberg-areas/S2UnetPlusPlus/imgs/S2A_MSIL1C_20160822T155902_N0500_R097_T21WWU_20231026T124038_pB5_4_41_.tif,0.0015,True,no_safe_zip,pass
37,/mnt/research/v.gomezgilyaspik/students/smishra/S2-iceberg-areas/S2UnetPlusPlus/imgs/S2A_MSIL1C_20190903T141011_N0500_R053_T24WWU_20230501T094031_pB5_26_19_.tif,0.0442,True,no_safe_zip,pass
38,/mnt/research/v.gomezgilyaspik/students/smishra/S2-iceberg-areas/S2UnetPlusPlus/imgs/S2A_MSIL1C_20190903T141011_N0500_R053_T24WWU_20230501T094031_pB5_24_19_.tif,0.0244,True,no_safe_zip,pass
39,/mnt/research/v.gomezgilyaspik/students/smishra/S2-iceberg-areas/S2UnetPlusPlus/imgs/S2B_MSIL1C_20200830T135739_N0500_R010_T25WER_20230321T193340_pB5_39_4_.tif,0.0223,True,no_safe_zip,pass
40,/mnt/research/v.gomezgilyaspik/students/smishra/S2-iceberg-areas/S2UnetPlusPlus/imgs/S2B_MSIL1C_20170801T144919_N0500_R082_T22WES_20230804T124536_pB5_21_7_.tif,0.0,True,no_safe_zip,pass
41,/mnt/research/v.gomezgilyaspik/students/smishra/S2-iceberg-areas/S2UnetPlusPlus/imgs/S2B_MSIL1C_20170803T152909_N0500_R111_T22WDC_20230826T072407_pB5_15_30_.tif,0.0136,True,no_safe_zip,pass
42,/mnt/research/v.gomezgilyaspik/students/smishra/S2-iceberg-areas/S2UnetPlusPlus/imgs/S2A_MSIL1C_20160830T151912_N0500_R068_T22WDB_20231020T235443_pB5_9_35_.tif,0.2191,False,no_safe_zip,ic_frac=0.2191
43,/mnt/research/v.gomezgilyaspik/students/smishra/S2-iceberg-areas/S2UnetPlusPlus/imgs/S2B_MSIL1C_20200823T140739_N0500_R053_T24WWU_20230321T131119_pB5_15_22_.tif,0.0351,True,no_safe_zip,pass
44,/mnt/research/v.gomezgilyaspik/students/smishra/S2-iceberg-areas/S2UnetPlusPlus/imgs/S2A_MSIL1C_20240824T140041_N0511_R010_T25WER_20240824T174017_pB5_37_0_.tif,0.1025,True,no_safe_zip,pass
45,/mnt/research/v.gomezgilyaspik/students/smishra/S2-iceberg-areas/S2UnetPlusPlus/imgs/S2A_MSIL1C_20160830T151912_N0500_R068_T22WDB_20231020T235443_pB5_9_36_.tif,0.0,True,no_safe_zip,pass
46,/mnt/research/v.gomezgilyaspik/students/smishra/S2-iceberg-areas/S2UnetPlusPlus/imgs/S2B_MSIL1C_20200827T134729_N0500_R110_T25WER_20230402T232045_pB5_15_15_.tif,0.0,True,no_safe_zip,pass
47,/mnt/research/v.gomezgilyaspik/students/smishra/S2-iceberg-areas/S2UnetPlusPlus/imgs/S2A_MSIL1C_20190903T141011_N0500_R053_T24WWU_20230501T094031_pB5_6_18_.tif,0.6634,False,no_safe_zip,ic_frac=0.6634
48,/mnt/research/v.gomezgilyaspik/students/smishra/S2-iceberg-areas/S2UnetPlusPlus/imgs/S2B_MSIL1C_20170813T135029_N0500_R110_T25WER_20230830T221846_pB5_35_32_.tif,0.532,False,no_safe_zip,ic_frac=0.5320
49,/mnt/research/v.gomezgilyaspik/students/smishra/S2-iceberg-areas/S2UnetPlusPlus/imgs/S2A_MSIL1C_20190709T152911_N0500_R111_T22WDB_20230603T230701_pB5_12_37_.tif,0.0,True,no_safe_zip,pass
50,/mnt/research/v.gomezgilyaspik/students/smishra/S2-iceberg-areas/S2UnetPlusPlus/imgs/S2B_MSIL1C_20220714T140739_N0400_R053_T24WWU_20220714T173724_pB4_6_21_.tif,0.0,True,no_safe_zip,pass
51,/mnt/research/v.gomezgilyaspik/students/smishra/S2-iceberg-areas/S2UnetPlusPlus/imgs/S2A_MSIL1C_20190705T141011_N0500_R053_T24WWU_20230603T191421_pB5_8_29_.tif,0.0,True,no_safe_zip,pass
52,/mnt/research/v.gomezgilyaspik/students/smishra/S2-iceberg-areas/S2UnetPlusPlus/imgs/S2A_MSIL1C_20190716T151911_N0500_R068_T22WDC_20230604T070424_pB5_4_12_.tif,0.0096,True,no_safe_zip,pass
53,/mnt/research/v.gomezgilyaspik/students/smishra/S2-iceberg-areas/S2UnetPlusPlus/imgs/S2A_MSIL1C_20200822T152911_N0209_R111_T21WXU_20200822T191829_pB2_20_31_.tif,0.0,True,no_safe_zip,pass
54,/mnt/research/v.gomezgilyaspik/students/smishra/S2-iceberg-areas/S2UnetPlusPlus/imgs/S2B_MSIL1C_20220714T140739_N0400_R053_T24WWU_20220714T173724_pB4_5_16_.tif,0.0,True,no_safe_zip,pass
55,/mnt/research/v.gomezgilyaspik/students/smishra/S2-iceberg-areas/S2UnetPlusPlus/imgs/S2A_MSIL1C_20210731T153911_N0500_R011_T22WDB_20230224T225255_pB5_13_23_.tif,0.0003,True,no_safe_zip,pass
56,/mnt/research/v.gomezgilyaspik/students/smishra/S2-iceberg-areas/S2UnetPlusPlus/imgs/S2B_MSIL1C_20230709T140739_N0509_R053_T24WWU_20230709T161152_pB5_5_15_.tif,0.0,True,no_safe_zip,pass
57,/mnt/research/v.gomezgilyaspik/students/smishra/S2-iceberg-areas/S2UnetPlusPlus/imgs/S2A_MSIL1C_20210909T140011_N0500_R010_T25WES_20230112T233728_pB5_40_8_.tif,0.0098,True,no_safe_zip,pass
58,/mnt/research/v.gomezgilyaspik/students/smishra/S2-iceberg-areas/S2UnetPlusPlus/imgs/S2A_MSIL1C_20170808T152911_N0500_R111_T22WDB_20230829T170819_pB5_10_38_.tif,0.0,True,no_safe_zip,pass
59,/mnt/research/v.gomezgilyaspik/students/smishra/S2-iceberg-areas/S2UnetPlusPlus/imgs/S2B_MSIL1C_20170813T135029_N0500_R110_T25WER_20230830T221846_pB5_4_9_.tif,0.0,True,no_safe_zip,pass
60,/mnt/research/v.gomezgilyaspik/students/smishra/S2-iceberg-areas/S2UnetPlusPlus/imgs/S2A_MSIL1C_20190903T141011_N0500_R053_T24WWU_20230501T094031_pB5_7_30_.tif,0.0,True,no_safe_zip,pass
61,/mnt/research/v.gomezgilyaspik/students/smishra/S2-iceberg-areas/S2UnetPlusPlus/imgs/S2B_MSIL1C_20170809T141009_N0500_R053_T24WWU_20230804T231749_pB5_6_15_.tif,0.6463,False,no_safe_zip,ic_frac=0.6463
62,/mnt/research/v.gomezgilyaspik/students/smishra/S2-iceberg-areas/S2UnetPlusPlus/imgs/S2A_MSIL1C_20180723T141951_N0500_R096_T24WWU_20230628T041823_pB5_8_28_.tif,0.3425,False,no_safe_zip,ic_frac=0.3425
63,/mnt/research/v.gomezgilyaspik/students/smishra/S2-iceberg-areas/S2UnetPlusPlus/imgs/S2A_MSIL1C_20180723T141951_N0500_R096_T24WWU_20230628T041823_pB5_27_14_.tif,0.4237,False,no_safe_zip,ic_frac=0.4237
64,/mnt/research/v.gomezgilyaspik/students/smishra/S2-iceberg-areas/S2UnetPlusPlus/imgs/S2A_MSIL1C_20160725T145922_N0500_R125_T22WES_20231004T134617_pB5_21_1_.tif,0.0,True,no_safe_zip,pass
65,/mnt/research/v.gomezgilyaspik/students/smishra/S2-iceberg-areas/S2UnetPlusPlus/imgs/S2A_MSIL1C_20200702T155911_N0500_R097_T21WWU_20230320T180410_pB5_32_17_.tif,0.0017,True,no_safe_zip,pass
66,/mnt/research/v.gomezgilyaspik/students/smishra/S2-iceberg-areas/S2UnetPlusPlus/imgs/S2B_MSIL1C_20210822T152809_N0500_R111_T22WDB_20230119T151933_pB5_11_37_.tif,0.0,True,no_safe_zip,pass
67,/mnt/research/v.gomezgilyaspik/students/smishra/S2-iceberg-areas/S2UnetPlusPlus/imgs/S2A_MSIL1C_20170831T140011_N0500_R010_T25WES_20230831T055412_pB5_37_4_.tif,0.0,True,no_safe_zip,pass
68,/mnt/research/v.gomezgilyaspik/students/smishra/S2-iceberg-areas/S2UnetPlusPlus/imgs/S2A_MSIL1C_20170710T145911_N0500_R125_T22WES_20230901T062816_pB5_30_14_.tif,0.0,True,no_safe_zip,pass
69,/mnt/research/v.gomezgilyaspik/students/smishra/S2-iceberg-areas/S2UnetPlusPlus/imgs/S2A_MSIL1C_20170710T145911_N0500_R125_T22WES_20230901T062816_pB5_17_16_.tif,0.0,True,no_safe_zip,pass
70,/mnt/research/v.gomezgilyaspik/students/smishra/S2-iceberg-areas/S2UnetPlusPlus/imgs/S2B_MSIL1C_20170813T135029_N0500_R110_T25WER_20230830T221846_pB5_23_39_.tif,0.0,True,no_safe_zip,pass
71,/mnt/research/v.gomezgilyaspik/students/smishra/S2-iceberg-areas/S2UnetPlusPlus/imgs/S2B_MSIL1C_20170801T144919_N0500_R082_T22WES_20230804T124536_pB5_19_16_.tif,0.0,True,no_safe_zip,pass
72,/mnt/research/v.gomezgilyaspik/students/smishra/S2-iceberg-areas/S2UnetPlusPlus/imgs/S2B_MSIL1C_20170802T141949_N0500_R096_T24WWU_20230804T130632_pB5_7_26_.tif,0.0,True,no_safe_zip,pass
73,/mnt/research/v.gomezgilyaspik/students/smishra/S2-iceberg-areas/S2UnetPlusPlus/imgs/S2A_MSIL1C_20170722T153911_N0500_R011_T22WDB_20231008T062148_pB5_12_36_.tif,0.1763,False,no_safe_zip,ic_frac=0.1763
74,/mnt/research/v.gomezgilyaspik/students/smishra/S2-iceberg-areas/S2UnetPlusPlus/imgs/S2A_MSIL1C_20170831T140011_N0500_R010_T25WER_20230831T055412_pB5_6_13_.tif,0.2925,False,no_safe_zip,ic_frac=0.2925
75,/mnt/research/v.gomezgilyaspik/students/smishra/S2-iceberg-areas/S2UnetPlusPlus/imgs/S2A_MSIL1C_20160725T145922_N0500_R125_T22WES_20231004T134617_pB5_22_22_.tif,0.0,True,no_safe_zip,pass
76,/mnt/research/v.gomezgilyaspik/students/smishra/S2-iceberg-areas/S2UnetPlusPlus/imgs/S2A_MSIL1C_20180723T141951_N0500_R096_T24WWU_20230628T041823_pB5_5_15_.tif,0.0,True,no_safe_zip,pass
77,/mnt/research/v.gomezgilyaspik/students/smishra/S2-iceberg-areas/S2UnetPlusPlus/imgs/S2A_MSIL1C_20190709T152911_N0500_R111_T22WDB_20230603T230701_pB5_14_32_.tif,0.0037,True,no_safe_zip,pass
78,/mnt/research/v.gomezgilyaspik/students/smishra/S2-iceberg-areas/S2UnetPlusPlus/imgs/S2A_MSIL1C_20200825T140021_N0209_R010_T25WER_20200825T174728_pB2_26_25_.tif,0.0023,True,no_safe_zip,pass
79,/mnt/research/v.gomezgilyaspik/students/smishra/S2-iceberg-areas/S2UnetPlusPlus/imgs/S2A_MSIL1C_20210823T141011_N0500_R053_T24WWU_20230120T063425_pB5_6_20_.tif,0.5575,False,no_safe_zip,ic_frac=0.5575
80,/mnt/research/v.gomezgilyaspik/students/smishra/S2-iceberg-areas/S2UnetPlusPlus/imgs/S2A_MSIL1C_20160725T145922_N0500_R125_T22WES_20231004T134617_pB5_25_25_.tif,0.0,True,no_safe_zip,pass
81,/mnt/research/v.gomezgilyaspik/students/smishra/S2-iceberg-areas/S2UnetPlusPlus/imgs/S2A_MSIL1C_20200822T152911_N0209_R111_T21WXU_20200822T191829_pB2_24_36_.tif,0.011,True,no_safe_zip,pass
82,/mnt/research/v.gomezgilyaspik/students/smishra/S2-iceberg-areas/S2UnetPlusPlus/imgs/S2B_MSIL1C_20180715T140739_N0500_R053_T24WWU_20230712T120037_pB5_6_21_.tif,0.0,True,no_safe_zip,pass
83,/mnt/research/v.gomezgilyaspik/students/smishra/S2-iceberg-areas/S2UnetPlusPlus/imgs/S2A_MSIL1C_20240824T140041_N0511_R010_T25WER_20240824T174017_pB5_38_13_.tif,0.0087,True,no_safe_zip,pass
84,/mnt/research/v.gomezgilyaspik/students/smishra/S2-iceberg-areas/S2UnetPlusPlus/imgs/S2A_MSIL1C_20160923T145932_N0500_R125_T22WES_20231006T022513_pB5_11_14_.tif,0.2774,False,no_safe_zip,ic_frac=0.2774
85,/mnt/research/v.gomezgilyaspik/students/smishra/S2-iceberg-areas/S2UnetPlusPlus/imgs/S2A_MSIL1C_20190705T141011_N0500_R053_T24WWU_20230603T191421_pB5_23_11_.tif,0.0,True,no_safe_zip,pass
86,/mnt/research/v.gomezgilyaspik/students/smishra/S2-iceberg-areas/S2UnetPlusPlus/imgs/S2A_MSIL1C_20210729T145921_N0500_R125_T22WES_20230122T163521_pB5_26_25_.tif,0.0,True,no_safe_zip,pass
87,/mnt/research/v.gomezgilyaspik/students/smishra/S2-iceberg-areas/S2UnetPlusPlus/imgs/S2A_MSIL1C_20170815T151911_N0500_R068_T22WDB_20230821T111929_pB5_10_40_.tif,0.0,True,no_safe_zip,pass
88,/mnt/research/v.gomezgilyaspik/students/smishra/S2-iceberg-areas/S2UnetPlusPlus/imgs/S2A_MSIL1C_20190716T151911_N0500_R068_T22WDC_20230604T070424_pB5_16_35_.tif,0.0,True,no_safe_zip,pass
89,/mnt/research/v.gomezgilyaspik/students/smishra/S2-iceberg-areas/S2UnetPlusPlus/imgs/S2A_MSIL1C_20170831T140011_N0500_R010_T25WER_20230831T055412_pB5_13_14_.tif,0.0,True,no_safe_zip,pass
90,/mnt/research/v.gomezgilyaspik/students/smishra/S2-iceberg-areas/S2UnetPlusPlus/imgs/S2B_MSIL1C_20240911T140739_N0511_R053_T24WWU_20240911T160952_pB5_5_14_.tif,0.0,True,no_safe_zip,pass
91,/mnt/research/v.gomezgilyaspik/students/smishra/S2-iceberg-areas/S2UnetPlusPlus/imgs/S2A_MSIL1C_20210729T145921_N0500_R125_T22WES_20230122T163521_pB5_18_3_.tif,0.0,True,no_safe_zip,pass
92,/mnt/research/v.gomezgilyaspik/students/smishra/S2-iceberg-areas/S2UnetPlusPlus/imgs/S2B_MSIL1C_20230709T140739_N0509_R053_T24WWU_20230709T161152_pB5_5_17_.tif,0.0,True,no_safe_zip,pass
93,/mnt/research/v.gomezgilyaspik/students/smishra/S2-iceberg-areas/S2UnetPlusPlus/imgs/S2A_MSIL1C_20160923T145932_N0500_R125_T22WES_20231006T022513_pB5_16_15_.tif,0.1348,True,no_safe_zip,pass
94,/mnt/research/v.gomezgilyaspik/students/smishra/S2-iceberg-areas/S2UnetPlusPlus/imgs/S2A_MSIL1C_20160830T151912_N0500_R068_T22WDB_20231020T235443_pB5_23_26_.tif,0.0006,True,no_safe_zip,pass
95,/mnt/research/v.gomezgilyaspik/students/smishra/S2-iceberg-areas/S2UnetPlusPlus/imgs/S2A_MSIL1C_20160823T135032_N0500_R110_T25WER_20230929T041536_pB5_36_0_.tif,0.0,True,no_safe_zip,pass
96,/mnt/research/v.gomezgilyaspik/students/smishra/S2-iceberg-areas/S2UnetPlusPlus/imgs/S2B_MSIL1C_20170803T152909_N0500_R111_T22WDB_20230826T072407_pB5_0_33_.tif,0.0058,True,no_safe_zip,pass
97,/mnt/research/v.gomezgilyaspik/students/smishra/S2-iceberg-areas/S2UnetPlusPlus/imgs/S2B_MSIL1C_20170802T141949_N0500_R096_T24WWU_20230804T130632_pB5_10_28_.tif,0.0,True,no_safe_zip,pass
98,/mnt/research/v.gomezgilyaspik/students/smishra/S2-iceberg-areas/S2UnetPlusPlus/imgs/S2B_MSIL1C_20210822T152809_N0500_R111_T22WDB_20230119T151933_pB5_12_36_.tif,0.1721,False,no_safe_zip,ic_frac=0.1721
99,/mnt/research/v.gomezgilyaspik/students/smishra/S2-iceberg-areas/S2UnetPlusPlus/imgs/S2A_MSIL1C_20170710T145911_N0500_R125_T22WES_20230901T062816_pB5_23_22_.tif,0.0,True,no_safe_zip,pass
100,/mnt/research/v.gomezgilyaspik/students/smishra/S2-iceberg-areas/S2UnetPlusPlus/imgs/S2A_MSIL1C_20160725T145922_N0500_R125_T22WES_20231004T134617_pB5_16_16_.tif,0.0,True,no_safe_zip,pass
101,/mnt/research/v.gomezgilyaspik/students/smishra/S2-iceberg-areas/S2UnetPlusPlus/imgs/S2A_MSIL1C_20170815T151911_N0500_R068_T22WDB_20230821T111929_pB5_4_29_.tif,0.0015,True,no_safe_zip,pass
102,/mnt/research/v.gomezgilyaspik/students/smishra/S2-iceberg-areas/S2UnetPlusPlus/imgs/S2B_MSIL1C_20200717T141739_N0209_R096_T24WWU_20200717T143551_pB2_17_21_.tif,0.0564,True,no_safe_zip,pass
103,/mnt/research/v.gomezgilyaspik/students/smishra/S2-iceberg-areas/S2UnetPlusPlus/imgs/S2B_MSIL1C_20190819T140739_N0500_R053_T25WES_20230512T221421_pB5_37_6_.tif,0.6407,False,no_safe_zip,ic_frac=0.6407
104,/mnt/research/v.gomezgilyaspik/students/smishra/S2-iceberg-areas/S2UnetPlusPlus/imgs/S2A_MSIL1C_20200822T152911_N0500_R111_T22WDC_20230321T134135_pB5_16_30_.tif,0.0177,True,no_safe_zip,pass
105,/mnt/research/v.gomezgilyaspik/students/smishra/S2-iceberg-areas/S2UnetPlusPlus/imgs/S2B_MSIL1C_20200903T151809_N0500_R068_T22WDB_20230311T234131_pB5_9_37_.tif,0.0,True,no_safe_zip,pass
106,/mnt/research/v.gomezgilyaspik/students/smishra/S2-iceberg-areas/S2UnetPlusPlus/imgs/S2A_MSIL1C_20210817T152911_N0500_R111_T22WDB_20230117T070154_pB5_11_40_.tif,0.3852,False,no_safe_zip,ic_frac=0.3852
107,/mnt/research/v.gomezgilyaspik/students/smishra/S2-iceberg-areas/S2UnetPlusPlus/imgs/S2B_MSIL1C_20200717T141739_N0209_R096_T24WWU_20200717T143551_pB2_7_18_.tif,0.0,True,no_safe_zip,pass
108,/mnt/research/v.gomezgilyaspik/students/smishra/S2-iceberg-areas/S2UnetPlusPlus/imgs/S2B_MSIL1C_20180824T140729_N0500_R053_T25WER_20230813T110012_pB5_0_8_.tif,0.111,True,no_safe_zip,pass
109,/mnt/research/v.gomezgilyaspik/students/smishra/S2-iceberg-areas/S2UnetPlusPlus/imgs/S2B_MSIL1C_20170801T144919_N0500_R082_T22WES_20230804T124536_pB5_21_20_.tif,0.0,True,no_safe_zip,pass
110,/mnt/research/v.gomezgilyaspik/students/smishra/S2-iceberg-areas/S2UnetPlusPlus/imgs/S2B_MSIL1C_20200830T135739_N0500_R010_T25WER_20230321T193340_pB5_7_12_.tif,0.0,True,no_safe_zip,pass
111,/mnt/research/v.gomezgilyaspik/students/smishra/S2-iceberg-areas/S2UnetPlusPlus/imgs/S2A_MSIL1C_20160721T151912_N0500_R068_T22WDB_20231007T084315_pB5_25_35_.tif,0.0,True,no_safe_zip,pass
112,/mnt/research/v.gomezgilyaspik/students/smishra/S2-iceberg-areas/S2UnetPlusPlus/imgs/S2A_MSIL1C_20170815T151911_N0500_R068_T22WDB_20230821T111929_pB5_12_36_.tif,0.0,True,no_safe_zip,pass
113,/mnt/research/v.gomezgilyaspik/students/smishra/S2-iceberg-areas/S2UnetPlusPlus/imgs/S2A_MSIL1C_20180723T141951_N0500_R096_T24WWU_20230628T041823_pB5_24_11_.tif,0.0,True,no_safe_zip,pass
114,/mnt/research/v.gomezgilyaspik/students/smishra/S2-iceberg-areas/S2UnetPlusPlus/imgs/S2A_MSIL1C_20160830T151912_N0500_R068_T22WDB_20231020T235443_pB5_8_35_.tif,0.0,True,no_safe_zip,pass
115,/mnt/research/v.gomezgilyaspik/students/smishra/S2-iceberg-areas/S2UnetPlusPlus/imgs/S2B_MSIL1C_20190809T140739_N0500_R053_T25WES_20230505T060731_pB5_38_8_.tif,0.4762,False,no_safe_zip,ic_frac=0.4762
116,/mnt/research/v.gomezgilyaspik/students/smishra/S2-iceberg-areas/S2UnetPlusPlus/imgs/S2B_MSIL1C_20200823T140739_N0500_R053_T24WWU_20230321T131119_pB5_9_24_.tif,0.0974,True,no_safe_zip,pass
117,/mnt/research/v.gomezgilyaspik/students/smishra/S2-iceberg-areas/S2UnetPlusPlus/imgs/S2A_MSIL1C_20160725T145922_N0500_R125_T22WES_20231004T134617_pB5_9_13_.tif,0.0,True,no_safe_zip,pass
118,/mnt/research/v.gomezgilyaspik/students/smishra/S2-iceberg-areas/S2UnetPlusPlus/imgs/S2A_MSIL1C_20190705T141011_N0500_R053_T24WWU_20230603T191421_pB5_8_24_.tif,0.0,True,no_safe_zip,pass
119,/mnt/research/v.gomezgilyaspik/students/smishra/S2-iceberg-areas/S2UnetPlusPlus/imgs/S2B_MSIL1C_20200823T140739_N0500_R053_T24WWU_20230321T131119_pB5_5_15_.tif,0.0,True,no_safe_zip,pass
120,/mnt/research/v.gomezgilyaspik/students/smishra/S2-iceberg-areas/S2UnetPlusPlus/imgs/S2A_MSIL1C_20160725T145922_N0500_R125_T22WES_20231004T134617_pB5_25_23_.tif,0.0,True,no_safe_zip,pass
121,/mnt/research/v.gomezgilyaspik/students/smishra/S2-iceberg-areas/S2UnetPlusPlus/imgs/S2A_MSIL1C_20170808T152911_N0500_R111_T22WDB_20230829T170819_pB5_10_36_.tif,0.3912,False,no_safe_zip,ic_frac=0.3912
122,/mnt/research/v.gomezgilyaspik/students/smishra/S2-iceberg-areas/S2UnetPlusPlus/imgs/S2A_MSIL1C_20160725T145922_N0500_R125_T22WES_20231004T134617_pB5_18_17_.tif,0.0,True,no_safe_zip,pass
123,/mnt/research/v.gomezgilyaspik/students/smishra/S2-iceberg-areas/S2UnetPlusPlus/imgs/S2A_MSIL1C_20190705T141011_N0500_R053_T24WWU_20230603T191421_pB5_5_15_.tif,0.0,True,no_safe_zip,pass
124,/mnt/research/v.gomezgilyaspik/students/smishra/S2-iceberg-areas/S2UnetPlusPlus/imgs/S2A_MSIL1C_20160823T135032_N0500_R110_T25WER_20230929T041536_pB5_35_2_.tif,0.0,True,no_safe_zip,pass
125,/mnt/research/v.gomezgilyaspik/students/smishra/S2-iceberg-areas/S2UnetPlusPlus/imgs/S2A_MSIL1C_20190709T152911_N0500_R111_T22WDB_20230603T230701_pB5_2_32_.tif,0.0003,True,no_safe_zip,pass
126,/mnt/research/v.gomezgilyaspik/students/smishra/S2-iceberg-areas/S2UnetPlusPlus/imgs/S2B_MSIL1C_20200823T140739_N0500_R053_T24WWU_20230321T131119_pB5_6_14_.tif,0.0,True,no_safe_zip,pass
127,/mnt/research/v.gomezgilyaspik/students/smishra/S2-iceberg-areas/S2UnetPlusPlus/imgs/S2A_MSIL1C_20170808T152911_N0500_R111_T22WDB_20230829T170819_pB5_12_37_.tif,0.0,True,no_safe_zip,pass
128,/mnt/research/v.gomezgilyaspik/students/smishra/S2-iceberg-areas/S2UnetPlusPlus/imgs/S2A_MSIL1C_20200822T152911_N0500_R111_T22WDC_20230321T134135_pB5_41_38_.tif,0.0,True,no_safe_zip,pass
129,/mnt/research/v.gomezgilyaspik/students/smishra/S2-iceberg-areas/S2UnetPlusPlus/imgs/S2A_MSIL1C_20160725T145922_N0500_R125_T22WES_20231004T134617_pB5_22_21_.tif,0.2019,False,no_safe_zip,ic_frac=0.2019
130,/mnt/research/v.gomezgilyaspik/students/smishra/S2-iceberg-areas/S2UnetPlusPlus/imgs/S2A_MSIL1C_20170710T145911_N0500_R125_T22WES_20230901T062816_pB5_20_19_.tif,0.0,True,no_safe_zip,pass
131,/mnt/research/v.gomezgilyaspik/students/smishra/S2-iceberg-areas/S2UnetPlusPlus/imgs/S2A_MSIL1C_20170710T145911_N0500_R125_T22WES_20230901T062816_pB5_21_18_.tif,0.0,True,no_safe_zip,pass
132,/mnt/research/v.gomezgilyaspik/students/smishra/S2-iceberg-areas/S2UnetPlusPlus/imgs/S2A_MSIL1C_20190903T141011_N0500_R053_T24WWU_20230501T094031_pB5_21_20_.tif,0.0452,True,no_safe_zip,pass
133,/mnt/research/v.gomezgilyaspik/students/smishra/S2-iceberg-areas/S2UnetPlusPlus/imgs/S2A_MSIL1C_20170722T153911_N0500_R011_T21WXU_20231016T102307_pB5_27_39_.tif,0.0408,True,no_safe_zip,pass
134,/mnt/research/v.gomezgilyaspik/students/smishra/S2-iceberg-areas/S2UnetPlusPlus/imgs/S2B_MSIL1C_20170730T141009_N0500_R053_T24WWU_20230901T040701_pB5_27_13_.tif,0.0,True,no_safe_zip,pass
135,/mnt/research/v.gomezgilyaspik/students/smishra/S2-iceberg-areas/S2UnetPlusPlus/imgs/S2B_MSIL1C_20220912T140739_N0400_R053_T24WWU_20220912T173328_pB4_14_23_.tif,0.12,True,no_safe_zip,pass
136,/mnt/research/v.gomezgilyaspik/students/smishra/S2-iceberg-areas/S2UnetPlusPlus/imgs/S2A_MSIL1C_20170710T145911_N0500_R125_T22WES_20230901T062816_pB5_25_23_.tif,0.0,True,no_safe_zip,pass
137,/mnt/research/v.gomezgilyaspik/students/smishra/S2-iceberg-areas/S2UnetPlusPlus/imgs/S2B_MSIL1C_20170802T141949_N0500_R096_T24WWT_20230804T130632_pB5_8_33_.tif,0.0,True,no_safe_zip,pass
138,/mnt/research/v.gomezgilyaspik/students/smishra/S2-iceberg-areas/S2UnetPlusPlus/imgs/S2B_MSIL1C_20220714T140739_N0400_R053_T24WWU_20220714T173724_pB4_9_24_.tif,0.483,False,no_safe_zip,ic_frac=0.4830
139,/mnt/research/v.gomezgilyaspik/students/smishra/S2-iceberg-areas/S2UnetPlusPlus/imgs/S2A_MSIL1C_20180723T141951_N0500_R096_T24WWU_20230628T041823_pB5_27_13_.tif,0.0,True,no_safe_zip,pass
140,/mnt/research/v.gomezgilyaspik/students/smishra/S2-iceberg-areas/S2UnetPlusPlus/imgs/S2A_MSIL1C_20160707T153912_N0500_R011_T22WDB_20231030T140833_pB5_11_38_.tif,0.0,True,no_safe_zip,pass
141,/mnt/research/v.gomezgilyaspik/students/smishra/S2-iceberg-areas/S2UnetPlusPlus/imgs/S2B_MSIL1C_20170801T144919_N0500_R082_T22WES_20230804T124536_pB5_13_15_.tif,0.0,True,no_safe_zip,pass
142,/mnt/research/v.gomezgilyaspik/students/smishra/S2-iceberg-areas/S2UnetPlusPlus/imgs/S2A_MSIL1C_20160923T145932_N0500_R125_T22WES_20231006T022513_pB5_9_10_.tif,0.2383,False,no_safe_zip,ic_frac=0.2383
143,/mnt/research/v.gomezgilyaspik/students/smishra/S2-iceberg-areas/S2UnetPlusPlus/imgs/S2B_MSIL1C_20170801T144919_N0500_R082_T22WES_20230804T124536_pB5_10_10_.tif,0.0,True,no_safe_zip,pass
144,/mnt/research/v.gomezgilyaspik/students/smishra/S2-iceberg-areas/S2UnetPlusPlus/imgs/S2B_MSIL1C_20170801T144919_N0500_R082_T22WES_20230804T124536_pB5_25_23_.tif,0.0,True,no_safe_zip,pass
145,/mnt/research/v.gomezgilyaspik/students/smishra/S2-iceberg-areas/S2UnetPlusPlus/imgs/S2B_MSIL1C_20190819T140739_N0500_R053_T25WES_20230512T221421_pB5_40_6_.tif,0.0,True,no_safe_zip,pass
146,/mnt/research/v.gomezgilyaspik/students/smishra/S2-iceberg-areas/S2UnetPlusPlus/imgs/S2A_MSIL1C_20160923T145932_N0500_R125_T22WES_20231006T022513_pB5_12_13_.tif,0.0,True,no_safe_zip,pass
147,/mnt/research/v.gomezgilyaspik/students/smishra/S2-iceberg-areas/S2UnetPlusPlus/imgs/S2B_MSIL1C_20200827T134729_N0500_R110_T25WER_20230402T232045_pB5_6_11_.tif,0.0,True,no_safe_zip,pass
148,/mnt/research/v.gomezgilyaspik/students/smishra/S2-iceberg-areas/S2UnetPlusPlus/imgs/S2A_MSIL1C_20200825T140021_N0209_R010_T25WER_20200825T174728_pB2_22_17_.tif,0.0105,True,no_safe_zip,pass
149,/mnt/research/v.gomezgilyaspik/students/smishra/S2-iceberg-areas/S2UnetPlusPlus/imgs/S2B_MSIL1C_20200830T135739_N0500_R010_T25WER_20230321T193340_pB5_23_17_.tif,0.011,True,no_safe_zip,pass
150,/mnt/research/v.gomezgilyaspik/students/smishra/S2-iceberg-areas/S2UnetPlusPlus/imgs/S2A_MSIL1C_20230807T152811_N0510_R111_T22WDB_20240821T092719_pB5_11_37_.tif,0.0,True,no_safe_zip,pass
151,/mnt/research/v.gomezgilyaspik/students/smishra/S2-iceberg-areas/S2UnetPlusPlus/imgs/S2A_MSIL1C_20180723T141951_N0500_R096_T24WWU_20230628T041823_pB5_11_27_.tif,0.0,True,no_safe_zip,pass
152,/mnt/research/v.gomezgilyaspik/students/smishra/S2-iceberg-areas/S2UnetPlusPlus/imgs/S2B_MSIL1C_20200827T134729_N0500_R110_T25WER_20230402T232045_pB5_33_5_.tif,0.1062,True,no_safe_zip,pass
153,/mnt/research/v.gomezgilyaspik/students/smishra/S2-iceberg-areas/S2UnetPlusPlus/imgs/S2A_MSIL1C_20160923T145932_N0500_R125_T22WES_20231006T022513_pB5_17_3_.tif,0.0,True,no_safe_zip,pass
154,/mnt/research/v.gomezgilyaspik/students/smishra/S2-iceberg-areas/S2UnetPlusPlus/imgs/S2A_MSIL1C_20160725T145922_N0500_R125_T22WES_20231004T134617_pB5_21_3_.tif,0.0,True,no_safe_zip,pass
155,/mnt/research/v.gomezgilyaspik/students/smishra/S2-iceberg-areas/S2UnetPlusPlus/imgs/S2A_MSIL1C_20160802T141952_N0500_R096_T24WWU_20231001T172901_pB5_6_17_.tif,0.6465,False,no_safe_zip,ic_frac=0.6465
156,/mnt/research/v.gomezgilyaspik/students/smishra/S2-iceberg-areas/S2UnetPlusPlus/imgs/S2A_MSIL1C_20240824T140041_N0511_R010_T25WER_20240824T174017_pB5_28_19_.tif,0.027,True,no_safe_zip,pass
157,/mnt/research/v.gomezgilyaspik/students/smishra/S2-iceberg-areas/S2UnetPlusPlus/imgs/S2A_MSIL1C_20180723T141951_N0500_R096_T24WWU_20230628T041823_pB5_6_19_.tif,0.7959,False,no_safe_zip,ic_frac=0.7959
158,/mnt/research/v.gomezgilyaspik/students/smishra/S2-iceberg-areas/S2UnetPlusPlus/imgs/S2A_MSIL1C_20160823T135032_N0500_R110_T25WER_20230929T041536_pB5_41_3_.tif,0.0303,True,no_safe_zip,pass
159,/mnt/research/v.gomezgilyaspik/students/smishra/S2-iceberg-areas/S2UnetPlusPlus/imgs/S2B_MSIL1C_20200827T134729_N0500_R110_T25WER_20230402T232045_pB5_27_10_.tif,0.0,True,no_safe_zip,pass
160,/mnt/research/v.gomezgilyaspik/students/smishra/S2-iceberg-areas/S2UnetPlusPlus/imgs/S2B_MSIL1C_20200903T151809_N0500_R068_T22WDC_20230311T234131_pB5_13_22_.tif,0.0181,True,no_safe_zip,pass
161,/mnt/research/v.gomezgilyaspik/students/smishra/S2-iceberg-areas/S2UnetPlusPlus/imgs/S2A_MSIL1C_20190903T141011_N0500_R053_T24WWU_20230501T094031_pB5_8_30_.tif,0.0,True,no_safe_zip,pass
162,/mnt/research/v.gomezgilyaspik/students/smishra/S2-iceberg-areas/S2UnetPlusPlus/imgs/S2A_MSIL1C_20160923T145932_N0500_R125_T22WES_20231006T022513_pB5_9_8_.tif,0.0,True,no_safe_zip,pass
163,/mnt/research/v.gomezgilyaspik/students/smishra/S2-iceberg-areas/S2UnetPlusPlus/imgs/S2A_MSIL1C_20170722T153911_N0500_R011_T22WDB_20231008T062148_pB5_10_38_.tif,0.0,True,no_safe_zip,pass
164,/mnt/research/v.gomezgilyaspik/students/smishra/S2-iceberg-areas/S2UnetPlusPlus/imgs/S2B_MSIL1C_20200823T140739_N0500_R053_T24WWU_20230321T131119_pB5_6_17_.tif,0.6381,False,no_safe_zip,ic_frac=0.6381
165,/mnt/research/v.gomezgilyaspik/students/smishra/S2-iceberg-areas/S2UnetPlusPlus/imgs/S2A_MSIL1C_20180723T141951_N0500_R096_T24WWU_20230628T041823_pB5_7_32_.tif,0.0,True,no_safe_zip,pass
166,/mnt/research/v.gomezgilyaspik/students/smishra/S2-iceberg-areas/S2UnetPlusPlus/imgs/S2B_MSIL1C_20170802T141949_N0500_R096_T24WWU_20230804T130632_pB5_6_18_.tif,0.6095,False,no_safe_zip,ic_frac=0.6095
167,/mnt/research/v.gomezgilyaspik/students/smishra/S2-iceberg-areas/S2UnetPlusPlus/imgs/S2A_MSIL1C_20170814T154911_N0500_R054_T21WWU_20230830T232815_pB5_13_30_.tif,0.0036,True,no_safe_zip,pass
168,/mnt/research/v.gomezgilyaspik/students/smishra/S2-iceberg-areas/S2UnetPlusPlus/imgs/S2A_MSIL1C_20180730T154911_N0500_R054_T21WXU_20230721T085136_pB5_27_36_.tif,0.0,True,no_safe_zip,pass
169,/mnt/research/v.gomezgilyaspik/students/smishra/S2-iceberg-areas/S2UnetPlusPlus/imgs/S2A_MSIL1C_20170831T140011_N0500_R010_T25WER_20230831T055412_pB5_0_6_.tif,0.0,True,no_safe_zip,pass
170,/mnt/research/v.gomezgilyaspik/students/smishra/S2-iceberg-areas/S2UnetPlusPlus/imgs/S2A_MSIL1C_20170831T140011_N0500_R010_T25WES_20230831T055412_pB5_34_7_.tif,0.0833,True,no_safe_zip,pass
171,/mnt/research/v.gomezgilyaspik/students/smishra/S2-iceberg-areas/S2UnetPlusPlus/imgs/S2B_MSIL1C_20210917T140729_N0500_R053_T24WWU_20230115T022255_pB5_16_19_.tif,0.0,True,no_safe_zip,pass
172,/mnt/research/v.gomezgilyaspik/students/smishra/S2-iceberg-areas/S2UnetPlusPlus/imgs/S2B_MSIL1C_20200704T140739_N0500_R053_T24WWU_20230320T152013_pB5_22_10_.tif,0.0,True,no_safe_zip,pass
173,/mnt/research/v.gomezgilyaspik/students/smishra/S2-iceberg-areas/S2UnetPlusPlus/imgs/S2A_MSIL1C_20170808T152911_N0500_R111_T22WDB_20230829T170819_pB5_12_36_.tif,0.1852,False,no_safe_zip,ic_frac=0.1852
174,/mnt/research/v.gomezgilyaspik/students/smishra/S2-iceberg-areas/S2UnetPlusPlus/imgs/S2A_MSIL1C_20190903T141011_N0500_R053_T24WWU_20230501T094031_pB5_7_22_.tif,0.6477,False,no_safe_zip,ic_frac=0.6477
175,/mnt/research/v.gomezgilyaspik/students/smishra/S2-iceberg-areas/S2UnetPlusPlus/imgs/S2A_MSIL1C_20160725T145922_N0500_R125_T22WES_20231004T134617_pB5_9_12_.tif,0.32,False,no_safe_zip,ic_frac=0.3200
176,/mnt/research/v.gomezgilyaspik/students/smishra/S2-iceberg-areas/S2UnetPlusPlus/imgs/S2A_MSIL1C_20210729T145921_N0500_R125_T22WES_20230122T163521_pB5_21_8_.tif,0.0,True,no_safe_zip,pass
177,/mnt/research/v.gomezgilyaspik/students/smishra/S2-iceberg-areas/S2UnetPlusPlus/imgs/S2A_MSIL1C_20160923T145932_N0500_R125_T22WES_20231006T022513_pB5_16_16_.tif,0.0,True,no_safe_zip,pass
178,/mnt/research/v.gomezgilyaspik/students/smishra/S2-iceberg-areas/S2UnetPlusPlus/imgs/S2A_MSIL1C_20170831T140011_N0500_R010_T25WER_20230831T055412_pB5_28_8_.tif,0.0,True,no_safe_zip,pass
179,/mnt/research/v.gomezgilyaspik/students/smishra/S2-iceberg-areas/S2UnetPlusPlus/imgs/S2A_MSIL1C_20170710T145911_N0500_R125_T22WES_20230901T062816_pB5_22_21_.tif,0.0,True,no_safe_zip,pass
180,/mnt/research/v.gomezgilyaspik/students/smishra/S2-iceberg-areas/S2UnetPlusPlus/imgs/S2A_MSIL1C_20160725T145922_N0500_R125_T22WES_20231004T134617_pB5_10_17_.tif,0.0,True,no_safe_zip,pass
181,/mnt/research/v.gomezgilyaspik/students/smishra/S2-iceberg-areas/S2UnetPlusPlus/imgs/S2A_MSIL1C_20160923T145932_N0500_R125_T22WES_20231006T022513_pB5_10_6_.tif,0.0,True,no_safe_zip,pass
182,/mnt/research/v.gomezgilyaspik/students/smishra/S2-iceberg-areas/S2UnetPlusPlus/imgs/S2B_MSIL1C_20170809T141009_N0500_R053_T24WWU_20230804T231749_pB5_7_26_.tif,0.0,True,no_safe_zip,pass
183,/mnt/research/v.gomezgilyaspik/students/smishra/S2-iceberg-areas/S2UnetPlusPlus/imgs/S2A_MSIL1C_20210817T152911_N0500_R111_T22WDB_20230117T070154_pB5_12_36_.tif,0.174,False,no_safe_zip,ic_frac=0.1740
184,/mnt/research/v.gomezgilyaspik/students/smishra/S2-iceberg-areas/S2UnetPlusPlus/imgs/S2A_MSIL1C_20210729T145921_N0500_R125_T22WES_20230122T163521_pB5_11_15_.tif,0.6178,False,no_safe_zip,ic_frac=0.6178
185,/mnt/research/v.gomezgilyaspik/students/smishra/S2-iceberg-areas/S2UnetPlusPlus/imgs/S2A_MSIL1C_20190709T152911_N0500_R111_T22WDB_20230603T230701_pB5_11_37_.tif,0.0,True,no_safe_zip,pass
186,/mnt/research/v.gomezgilyaspik/students/smishra/S2-iceberg-areas/S2UnetPlusPlus/imgs/S2A_MSIL1C_20190709T152911_N0500_R111_T22WDB_20230603T230701_pB5_11_36_.tif,0.3367,False,no_safe_zip,ic_frac=0.3367
187,/mnt/research/v.gomezgilyaspik/students/smishra/S2-iceberg-areas/S2UnetPlusPlus/imgs/S2A_MSIL1C_20160725T145922_N0500_R125_T22WES_20231004T134617_pB5_21_19_.tif,0.2398,False,no_safe_zip,ic_frac=0.2398
188,/mnt/research/v.gomezgilyaspik/students/smishra/S2-iceberg-areas/S2UnetPlusPlus/imgs/S2A_MSIL1C_20210729T145921_N0500_R125_T22WES_20230122T163521_pB5_11_16_.tif,0.0,True,no_safe_zip,pass
189,/mnt/research/v.gomezgilyaspik/students/smishra/S2-iceberg-areas/S2UnetPlusPlus/imgs/S2A_MSIL1C_20160823T135032_N0500_R110_T25WER_20230929T041536_pB5_33_6_.tif,0.0626,True,no_safe_zip,pass
190,/mnt/research/v.gomezgilyaspik/students/smishra/S2-iceberg-areas/S2UnetPlusPlus/imgs/S2A_MSIL1C_20210917T145921_N0500_R125_T22WES_20230113T075502_pB5_23_22_.tif,0.0,True,no_safe_zip,pass
191,/mnt/research/v.gomezgilyaspik/students/smishra/S2-iceberg-areas/S2UnetPlusPlus/imgs/S2A_MSIL1C_20160923T145932_N0500_R125_T22WES_20231006T022513_pB5_12_15_.tif,0.0,True,no_safe_zip,pass
192,/mnt/research/v.gomezgilyaspik/students/smishra/S2-iceberg-areas/S2UnetPlusPlus/imgs/S2A_MSIL1C_20160721T151912_N0500_R068_T22WDB_20231007T084315_pB5_12_36_.tif,0.1775,False,no_safe_zip,ic_frac=0.1775
193,/mnt/research/v.gomezgilyaspik/students/smishra/S2-iceberg-areas/S2UnetPlusPlus/imgs/S2B_MSIL1C_20180824T140729_N0500_R053_T25WER_20230813T110012_pB5_31_10_.tif,0.0076,True,no_safe_zip,pass
194,/mnt/research/v.gomezgilyaspik/students/smishra/S2-iceberg-areas/S2UnetPlusPlus/imgs/S2B_MSIL1C_20180715T140739_N0500_R053_T24WWU_20230712T120037_pB5_7_26_.tif,0.0,True,no_safe_zip,pass
195,/mnt/research/v.gomezgilyaspik/students/smishra/S2-iceberg-areas/S2UnetPlusPlus/imgs/S2A_MSIL1C_20170710T145911_N0500_R125_T22WES_20230901T062816_pB5_24_24_.tif,0.0,True,no_safe_zip,pass
196,/mnt/research/v.gomezgilyaspik/students/smishra/S2-iceberg-areas/S2UnetPlusPlus/imgs/S2A_MSIL1C_20180723T141951_N0500_R096_T24WWU_20230628T041823_pB5_9_26_.tif,0.1743,False,no_safe_zip,ic_frac=0.1743
197,/mnt/research/v.gomezgilyaspik/students/smishra/S2-iceberg-areas/S2UnetPlusPlus/imgs/S2B_MSIL1C_20180824T140729_N0500_R053_T25WER_20230813T110012_pB5_17_18_.tif,0.0576,True,no_safe_zip,pass
198,/mnt/research/v.gomezgilyaspik/students/smishra/S2-iceberg-areas/S2UnetPlusPlus/imgs/S2A_MSIL1C_20180723T141951_N0500_R096_T24WWU_20230628T041823_pB5_6_32_.tif,0.0,True,no_safe_zip,pass
199,/mnt/research/v.gomezgilyaspik/students/smishra/S2-iceberg-areas/S2UnetPlusPlus/imgs/S2A_MSIL1C_20160802T141952_N0500_R096_T24WWU_20231001T172901_pB5_8_24_.tif,0.0,True,no_safe_zip,pass
200,/mnt/research/v.gomezgilyaspik/students/smishra/S2-iceberg-areas/S2UnetPlusPlus/imgs/S2A_MSIL1C_20160725T145922_N0500_R125_T22WES_20231004T134617_pB5_11_15_.tif,0.2206,False,no_safe_zip,ic_frac=0.2206
201,/mnt/research/v.gomezgilyaspik/students/smishra/S2-iceberg-areas/S2UnetPlusPlus/imgs/S2B_MSIL1C_20220912T140739_N0400_R053_T24WWT_20220912T173328_pB4_9_8_.tif,0.0,True,no_safe_zip,pass
202,/mnt/research/v.gomezgilyaspik/students/smishra/S2-iceberg-areas/S2UnetPlusPlus/imgs/S2A_MSIL1C_20180723T141951_N0500_R096_T24WWU_20230628T041823_pB5_25_12_.tif,0.0,True,no_safe_zip,pass
203,/mnt/research/v.gomezgilyaspik/students/smishra/S2-iceberg-areas/S2UnetPlusPlus/imgs/S2A_MSIL1C_20190903T141011_N0500_R053_T24WWU_20230501T094031_pB5_7_27_.tif,0.0,True,no_safe_zip,pass
204,/mnt/research/v.gomezgilyaspik/students/smishra/S2-iceberg-areas/S2UnetPlusPlus/imgs/S2A_MSIL1C_20170808T152911_N0500_R111_T22WDB_20230829T170819_pB5_28_20_.tif,0.0,True,no_safe_zip,pass
205,/mnt/research/v.gomezgilyaspik/students/smishra/S2-iceberg-areas/S2UnetPlusPlus/imgs/S2A_MSIL1C_20240824T140041_N0511_R010_T25WER_20240824T174017_pB5_27_26_.tif,0.0073,True,no_safe_zip,pass
206,/mnt/research/v.gomezgilyaspik/students/smishra/S2-iceberg-areas/S2UnetPlusPlus/imgs/S2B_MSIL1C_20200704T140739_N0500_R053_T24WWU_20230320T152013_pB5_8_27_.tif,0.0676,True,no_safe_zip,pass
207,/mnt/research/v.gomezgilyaspik/students/smishra/S2-iceberg-areas/S2UnetPlusPlus/imgs/S2B_MSIL1C_20240911T140739_N0511_R053_T24WWU_20240911T160952_pB5_7_20_.tif,0.7979,False,no_safe_zip,ic_frac=0.7979
208,/mnt/research/v.gomezgilyaspik/students/smishra/S2-iceberg-areas/S2UnetPlusPlus/imgs/S2A_MSIL1C_20180723T141951_N0500_R096_T24WWU_20230628T041823_pB5_29_16_.tif,0.0,True,no_safe_zip,pass
209,/mnt/research/v.gomezgilyaspik/students/smishra/S2-iceberg-areas/S2UnetPlusPlus/imgs/S2B_MSIL1C_20210917T140729_N0500_R053_T24WWU_20230115T022255_pB5_13_23_.tif,0.1314,True,no_safe_zip,pass
210,/mnt/research/v.gomezgilyaspik/students/smishra/S2-iceberg-areas/S2UnetPlusPlus/imgs/S2B_MSIL1C_20180715T140739_N0500_R053_T24WWU_20230712T120037_pB5_18_20_.tif,0.0505,True,no_safe_zip,pass
211,/mnt/research/v.gomezgilyaspik/students/smishra/S2-iceberg-areas/S2UnetPlusPlus/imgs/S2B_MSIL1C_20180715T140739_N0500_R053_T24WWU_20230712T120037_pB5_23_11_.tif,0.0,True,no_safe_zip,pass
212,/mnt/research/v.gomezgilyaspik/students/smishra/S2-iceberg-areas/S2UnetPlusPlus/imgs/S2A_MSIL1C_20160725T145922_N0500_R125_T22WES_20231004T134617_pB5_24_22_.tif,0.0,True,no_safe_zip,pass
213,/mnt/research/v.gomezgilyaspik/students/smishra/S2-iceberg-areas/S2UnetPlusPlus/imgs/S2B_MSIL1C_20190812T141749_N0500_R096_T24WWU_20230505T121941_pB5_12_22_.tif,0.0,True,no_safe_zip,pass
214,/mnt/research/v.gomezgilyaspik/students/smishra/S2-iceberg-areas/S2UnetPlusPlus/imgs/S2A_MSIL1C_20190801T140021_N0500_R010_T25WES_20230501T224345_pB5_37_7_.tif,0.0,True,no_safe_zip,pass
215,/mnt/research/v.gomezgilyaspik/students/smishra/S2-iceberg-areas/S2UnetPlusPlus/imgs/S2A_MSIL1C_20180723T141951_N0500_R096_T24WWU_20230628T041823_pB5_12_25_.tif,0.1053,True,no_safe_zip,pass
216,/mnt/research/v.gomezgilyaspik/students/smishra/S2-iceberg-areas/S2UnetPlusPlus/imgs/S2B_MSIL1C_20200823T140739_N0500_R053_T24WWU_20230321T131119_pB5_10_27_.tif,0.0796,True,no_safe_zip,pass
217,/mnt/research/v.gomezgilyaspik/students/smishra/S2-iceberg-areas/S2UnetPlusPlus/imgs/S2B_MSIL1C_20220912T140739_N0400_R053_T24WWT_20220912T173328_pB4_3_17_.tif,0.011,True,no_safe_zip,pass
218,/mnt/research/v.gomezgilyaspik/students/smishra/S2-iceberg-areas/S2UnetPlusPlus/imgs/S2A_MSIL1C_20160725T145922_N0500_R125_T22WES_20231004T134617_pB5_17_16_.tif,0.0,True,no_safe_zip,pass
219,/mnt/research/v.gomezgilyaspik/students/smishra/S2-iceberg-areas/S2UnetPlusPlus/imgs/S2B_MSIL1C_20170813T135029_N0500_R110_T25WER_20230830T221846_pB5_22_14_.tif,0.0,True,no_safe_zip,pass
220,/mnt/research/v.gomezgilyaspik/students/smishra/S2-iceberg-areas/S2UnetPlusPlus/imgs/S2A_MSIL1C_20160802T141952_N0500_R096_T24WWU_20231001T172901_pB5_20_19_.tif,0.0129,True,no_safe_zip,pass
221,/mnt/research/v.gomezgilyaspik/students/smishra/S2-iceberg-areas/S2UnetPlusPlus/imgs/S2A_MSIL1C_20160802T141952_N0500_R096_T24WWU_20231001T172901_pB5_7_27_.tif,0.0,True,no_safe_zip,pass
222,/mnt/research/v.gomezgilyaspik/students/smishra/S2-iceberg-areas/S2UnetPlusPlus/imgs/S2B_MSIL1C_20230709T140739_N0509_R053_T24WWU_20230709T161152_pB5_6_16_.tif,0.7772,False,no_safe_zip,ic_frac=0.7772
223,/mnt/research/v.gomezgilyaspik/students/smishra/S2-iceberg-areas/S2UnetPlusPlus/imgs/S2A_MSIL1C_20210917T145921_N0500_R125_T22WES_20230113T075502_pB5_22_5_.tif,0.0,True,no_safe_zip,pass
224,/mnt/research/v.gomezgilyaspik/students/smishra/S2-iceberg-areas/S2UnetPlusPlus/imgs/S2A_MSIL1C_20210917T145921_N0500_R125_T22WES_20230113T075502_pB5_11_14_.tif,0.2389,False,no_safe_zip,ic_frac=0.2389
225,/mnt/research/v.gomezgilyaspik/students/smishra/S2-iceberg-areas/S2UnetPlusPlus/imgs/S2A_MSIL1C_20190903T141011_N0500_R053_T24WWU_20230501T094031_pB5_25_21_.tif,0.0,True,no_safe_zip,pass
226,/mnt/research/v.gomezgilyaspik/students/smishra/S2-iceberg-areas/S2UnetPlusPlus/imgs/S2A_MSIL1C_20160725T145922_N0500_R125_T22WES_20231004T134617_pB5_20_18_.tif,0.2915,False,no_safe_zip,ic_frac=0.2915
227,/mnt/research/v.gomezgilyaspik/students/smishra/S2-iceberg-areas/S2UnetPlusPlus/imgs/S2B_MSIL1C_20190714T134739_N0500_R110_T25WER_20230528T040828_pB5_36_2_.tif,0.0,True,no_safe_zip,pass
228,/mnt/research/v.gomezgilyaspik/students/smishra/S2-iceberg-areas/S2UnetPlusPlus/imgs/S2A_MSIL1C_20170710T145911_N0500_R125_T22WES_20230901T062816_pB5_24_23_.tif,0.0,True,no_safe_zip,pass
229,/mnt/research/v.gomezgilyaspik/students/smishra/S2-iceberg-areas/S2UnetPlusPlus/imgs/S2B_MSIL1C_20170802T141949_N0500_R096_T24WWU_20230804T130632_pB5_8_26_.tif,0.2123,False,no_safe_zip,ic_frac=0.2123
230,/mnt/research/v.gomezgilyaspik/students/smishra/S2-iceberg-areas/S2UnetPlusPlus/imgs/S2A_MSIL1C_20170913T141001_N0500_R053_T24WWT_20230823T170052_pB5_1_17_.tif,0.0,True,no_safe_zip,pass
231,/mnt/research/v.gomezgilyaspik/students/smishra/S2-iceberg-areas/S2UnetPlusPlus/imgs/S2A_MSIL1C_20190705T141011_N0500_R053_T24WWU_20230603T191421_pB5_10_27_.tif,0.1665,False,no_safe_zip,ic_frac=0.1665
232,/mnt/research/v.gomezgilyaspik/students/smishra/S2-iceberg-areas/S2UnetPlusPlus/imgs/S2B_MSIL1C_20240727T152809_N0511_R111_T21WXU_20240727T172749_pB5_27_38_.tif,0.0706,True,no_safe_zip,pass
233,/mnt/research/v.gomezgilyaspik/students/smishra/S2-iceberg-areas/S2UnetPlusPlus/imgs/S2A_MSIL1C_20160725T145922_N0500_R125_T22WES_20231004T134617_pB5_11_14_.tif,0.1058,True,no_safe_zip,pass
234,/mnt/research/v.gomezgilyaspik/students/smishra/S2-iceberg-areas/S2UnetPlusPlus/imgs/S2B_MSIL1C_20170803T152909_N0500_R111_T22WDB_20230826T072407_pB5_9_36_.tif,0.0,True,no_safe_zip,pass
235,/mnt/research/v.gomezgilyaspik/students/smishra/S2-iceberg-areas/S2UnetPlusPlus/imgs/S2A_MSIL1C_20160923T145932_N0500_R125_T22WES_20231006T022513_pB5_17_14_.tif,0.0,True,no_safe_zip,pass
236,/mnt/research/v.gomezgilyaspik/students/smishra/S2-iceberg-areas/S2UnetPlusPlus/imgs/S2B_MSIL1C_20230726T153819_N0509_R011_T22WDC_20230726T173958_pB5_24_26_.tif,0.0103,True,no_safe_zip,pass
237,/mnt/research/v.gomezgilyaspik/students/smishra/S2-iceberg-areas/S2UnetPlusPlus/imgs/S2B_MSIL1C_20180824T140729_N0500_R053_T25WER_20230813T110012_pB5_4_9_.tif,0.2421,False,no_safe_zip,ic_frac=0.2421
238,/mnt/research/v.gomezgilyaspik/students/smishra/S2-iceberg-areas/S2UnetPlusPlus/imgs/S2B_MSIL1C_20190714T134739_N0500_R110_T25WER_20230528T040828_pB5_6_12_.tif,0.0,True,no_safe_zip,pass
239,/mnt/research/v.gomezgilyaspik/students/smishra/S2-iceberg-areas/S2UnetPlusPlus/imgs/S2A_MSIL1C_20190705T141011_N0500_R053_T24WWU_20230603T191421_pB5_8_31_.tif,0.0,True,no_safe_zip,pass
240,/mnt/research/v.gomezgilyaspik/students/smishra/S2-iceberg-areas/S2UnetPlusPlus/imgs/S2A_MSIL1C_20200825T140021_N0209_R010_T25WER_20200825T174728_pB2_19_25_.tif,0.0312,True,no_safe_zip,pass
241,/mnt/research/v.gomezgilyaspik/students/smishra/S2-iceberg-areas/S2UnetPlusPlus/imgs/S2B_MSIL1C_20200830T135739_N0500_R010_T25WER_20230321T193340_pB5_3_8_.tif,0.0,True,no_safe_zip,pass
242,/mnt/research/v.gomezgilyaspik/students/smishra/S2-iceberg-areas/S2UnetPlusPlus/imgs/S2A_MSIL1C_20200825T140021_N0209_R010_T25WER_20200825T174728_pB2_18_26_.tif,0.0273,True,no_safe_zip,pass
243,/mnt/research/v.gomezgilyaspik/students/smishra/S2-iceberg-areas/S2UnetPlusPlus/imgs/S2A_MSIL1C_20160923T145932_N0500_R125_T22WES_20231006T022513_pB5_19_18_.tif,0.0,True,no_safe_zip,pass
244,/mnt/research/v.gomezgilyaspik/students/smishra/S2-iceberg-areas/S2UnetPlusPlus/imgs/S2A_MSIL1C_20190903T141011_N0500_R053_T24WWU_20230501T094031_pB5_29_18_.tif,0.0285,True,no_safe_zip,pass
245,/mnt/research/v.gomezgilyaspik/students/smishra/S2-iceberg-areas/S2UnetPlusPlus/imgs/S2A_MSIL1C_20190903T141011_N0500_R053_T24WWU_20230501T094031_pB5_24_12_.tif,0.0,True,no_safe_zip,pass
246,/mnt/research/v.gomezgilyaspik/students/smishra/S2-iceberg-areas/S2UnetPlusPlus/imgs/S2A_MSIL1C_20160923T145932_N0500_R125_T22WES_20231006T022513_pB5_25_25_.tif,0.0,True,no_safe_zip,pass
247,/mnt/research/v.gomezgilyaspik/students/smishra/S2-iceberg-areas/S2UnetPlusPlus/imgs/S2B_MSIL1C_20220714T140739_N0400_R053_T24WWU_20220714T173724_pB4_24_21_.tif,0.0172,True,no_safe_zip,pass
248,/mnt/research/v.gomezgilyaspik/students/smishra/S2-iceberg-areas/S2UnetPlusPlus/imgs/S2A_MSIL1C_20160725T145922_N0500_R125_T22WES_20231004T134617_pB5_11_18_.tif,0.0,True,no_safe_zip,pass
249,/mnt/research/v.gomezgilyaspik/students/smishra/S2-iceberg-areas/S2UnetPlusPlus/imgs/S2A_MSIL1C_20190705T141011_N0500_R053_T24WWU_20230603T191421_pB5_11_23_.tif,0.0,True,no_safe_zip,pass
250,/mnt/research/v.gomezgilyaspik/students/smishra/S2-iceberg-areas/S2UnetPlusPlus/imgs/S2A_MSIL1C_20160725T145922_N0500_R125_T22WES_20231004T134617_pB5_13_15_.tif,0.0,True,no_safe_zip,pass
251,/mnt/research/v.gomezgilyaspik/students/smishra/S2-iceberg-areas/S2UnetPlusPlus/imgs/S2A_MSIL1C_20160725T145922_N0500_R125_T22WES_20231004T134617_pB5_12_18_.tif,0.0,True,no_safe_zip,pass
252,/mnt/research/v.gomezgilyaspik/students/smishra/S2-iceberg-areas/S2UnetPlusPlus/imgs/S2A_MSIL1C_20200825T140021_N0209_R010_T25WER_20200825T174728_pB2_38_5_.tif,0.0541,True,no_safe_zip,pass
253,/mnt/research/v.gomezgilyaspik/students/smishra/S2-iceberg-areas/S2UnetPlusPlus/imgs/S2B_MSIL1C_20220912T140739_N0400_R053_T24WWT_20220912T173328_pB4_28_0_.tif,0.0164,True,no_safe_zip,pass
254,/mnt/research/v.gomezgilyaspik/students/smishra/S2-iceberg-areas/S2UnetPlusPlus/imgs/S2A_MSIL1C_20160725T145922_N0500_R125_T22WES_20231004T134617_pB5_13_14_.tif,0.1173,True,no_safe_zip,pass
255,/mnt/research/v.gomezgilyaspik/students/smishra/S2-iceberg-areas/S2UnetPlusPlus/imgs/S2A_MSIL1C_20160923T145932_N0500_R125_T22WES_20231006T022513_pB5_25_24_.tif,0.0,True,no_safe_zip,pass
256,/mnt/research/v.gomezgilyaspik/students/smishra/S2-iceberg-areas/S2UnetPlusPlus/imgs/S2A_MSIL1C_20210729T145921_N0500_R125_T22WES_20230122T163521_pB5_21_12_.tif,0.0,True,no_safe_zip,pass
257,/mnt/research/v.gomezgilyaspik/students/smishra/S2-iceberg-areas/S2UnetPlusPlus/imgs/S2A_MSIL1C_20160923T145932_N0500_R125_T22WES_20231006T022513_pB5_21_19_.tif,0.1497,True,no_safe_zip,pass
258,/mnt/research/v.gomezgilyaspik/students/smishra/S2-iceberg-areas/S2UnetPlusPlus/imgs/S2B_MSIL1C_20170801T144919_N0500_R082_T22WES_20230804T124536_pB5_20_18_.tif,0.3988,False,no_safe_zip,ic_frac=0.3988
259,/mnt/research/v.gomezgilyaspik/students/smishra/S2-iceberg-areas/S2UnetPlusPlus/imgs/S2B_MSIL1C_20240911T140739_N0511_R053_T24WWU_20240911T160952_pB5_6_18_.tif,0.9279,False,no_safe_zip,ic_frac=0.9279
260,/mnt/research/v.gomezgilyaspik/students/smishra/S2-iceberg-areas/S2UnetPlusPlus/imgs/S2A_MSIL1C_20170831T140011_N0500_R010_T25WER_20230831T055412_pB5_3_8_.tif,0.0,True,no_safe_zip,pass
261,/mnt/research/v.gomezgilyaspik/students/smishra/S2-iceberg-areas/S2UnetPlusPlus/imgs/S2A_MSIL1C_20190705T141011_N0500_R053_T24WWT_20230603T191421_pB5_10_38_.tif,0.0,True,no_safe_zip,pass
262,/mnt/research/v.gomezgilyaspik/students/smishra/S2-iceberg-areas/S2UnetPlusPlus/imgs/S2B_MSIL1C_20190812T141749_N0500_R096_T24WWU_20230505T121941_pB5_18_22_.tif,0.0,True,no_safe_zip,pass
263,/mnt/research/v.gomezgilyaspik/students/smishra/S2-iceberg-areas/S2UnetPlusPlus/imgs/S2B_MSIL1C_20190723T155829_N0500_R097_T21WWU_20230718T015434_pB5_4_17_.tif,0.5172,False,no_safe_zip,ic_frac=0.5172
264,/mnt/research/v.gomezgilyaspik/students/smishra/S2-iceberg-areas/S2UnetPlusPlus/imgs/S2A_MSIL1C_20190903T141011_N0500_R053_T24WWU_20230501T094031_pB5_6_20_.tif,0.5986,False,no_safe_zip,ic_frac=0.5986
265,/mnt/research/v.gomezgilyaspik/students/smishra/S2-iceberg-areas/S2UnetPlusPlus/imgs/S2B_MSIL1C_20220912T140739_N0400_R053_T24WWU_20220912T173328_pB4_7_22_.tif,0.0,True,no_safe_zip,pass
266,/mnt/research/v.gomezgilyaspik/students/smishra/S2-iceberg-areas/S2UnetPlusPlus/imgs/S2B_MSIL1C_20200827T134729_N0500_R110_T25WER_20230402T232045_pB5_28_10_.tif,0.2519,False,no_safe_zip,ic_frac=0.2519
267,/mnt/research/v.gomezgilyaspik/students/smishra/S2-iceberg-areas/S2UnetPlusPlus/imgs/S2A_MSIL1C_20160725T145922_N0500_R125_T22WES_20231004T134617_pB5_11_17_.tif,0.0,True,no_safe_zip,pass
268,/mnt/research/v.gomezgilyaspik/students/smishra/S2-iceberg-areas/S2UnetPlusPlus/imgs/S2B_MSIL1C_20210917T140729_N0500_R053_T24WWU_20230115T022255_pB5_8_29_.tif,0.0,True,no_safe_zip,pass
269,/mnt/research/v.gomezgilyaspik/students/smishra/S2-iceberg-areas/S2UnetPlusPlus/imgs/S2A_MSIL1C_20190705T141011_N0500_R053_T24WWU_20230603T191421_pB5_7_30_.tif,0.0,True,no_safe_zip,pass
270,/mnt/research/v.gomezgilyaspik/students/smishra/S2-iceberg-areas/S2UnetPlusPlus/imgs/S2A_MSIL1C_20160707T153912_N0500_R011_T22WDB_20231030T140833_pB5_12_37_.tif,0.0,True,no_safe_zip,pass
271,/mnt/research/v.gomezgilyaspik/students/smishra/S2-iceberg-areas/S2UnetPlusPlus/imgs/S2A_MSIL1C_20180723T141951_N0500_R096_T24WWU_20230628T041823_pB5_8_26_.tif,0.3963,False,no_safe_zip,ic_frac=0.3963
272,/mnt/research/v.gomezgilyaspik/students/smishra/S2-iceberg-areas/S2UnetPlusPlus/imgs/S2A_MSIL1C_20180723T141951_N0500_R096_T24WWU_20230628T041823_pB5_13_24_.tif,0.0979,True,no_safe_zip,pass
273,/mnt/research/v.gomezgilyaspik/students/smishra/S2-iceberg-areas/S2UnetPlusPlus/imgs/S2A_MSIL1C_20190903T141011_N0500_R053_T24WWT_20230501T094031_pB5_18_0_.tif,0.0106,True,no_safe_zip,pass
274,/mnt/research/v.gomezgilyaspik/students/smishra/S2-iceberg-areas/S2UnetPlusPlus/imgs/S2A_MSIL1C_20190903T141011_N0500_R053_T24WWU_20230501T094031_pB5_28_18_.tif,0.0127,True,no_safe_zip,pass
275,/mnt/research/v.gomezgilyaspik/students/smishra/S2-iceberg-areas/S2UnetPlusPlus/imgs/S2A_MSIL1C_20190903T141011_N0500_R053_T24WWU_20230501T094031_pB5_9_27_.tif,0.0836,True,no_safe_zip,pass
276,/mnt/research/v.gomezgilyaspik/students/smishra/S2-iceberg-areas/S2UnetPlusPlus/imgs/S2A_MSIL1C_20190903T141011_N0500_R053_T24WWU_20230501T094031_pB5_7_20_.tif,0.7967,False,no_safe_zip,ic_frac=0.7967
277,/mnt/research/v.gomezgilyaspik/students/smishra/S2-iceberg-areas/S2UnetPlusPlus/imgs/S2A_MSIL1C_20190705T141011_N0500_R053_T24WWT_20230603T191421_pB5_7_6_.tif,0.0,True,no_safe_zip,pass
278,/mnt/research/v.gomezgilyaspik/students/smishra/S2-iceberg-areas/S2UnetPlusPlus/imgs/S2B_MSIL1C_20170801T144919_N0500_R082_T22WES_20230804T124536_pB5_22_22_.tif,0.0,True,no_safe_zip,pass
279,/mnt/research/v.gomezgilyaspik/students/smishra/S2-iceberg-areas/S2UnetPlusPlus/imgs/S2A_MSIL1C_20160923T145932_N0500_R125_T22WES_20231006T022513_pB5_10_14_.tif,0.0,True,no_safe_zip,pass
280,/mnt/research/v.gomezgilyaspik/students/smishra/S2-iceberg-areas/S2UnetPlusPlus/imgs/S2A_MSIL1C_20160923T145932_N0500_R125_T22WES_20231006T022513_pB5_22_21_.tif,0.0,True,no_safe_zip,pass
281,/mnt/research/v.gomezgilyaspik/students/smishra/S2-iceberg-areas/S2UnetPlusPlus/imgs/S2A_MSIL1C_20190817T141951_N0500_R096_T24WWU_20230503T120828_pB5_15_21_.tif,0.0149,True,no_safe_zip,pass
282,/mnt/research/v.gomezgilyaspik/students/smishra/S2-iceberg-areas/S2UnetPlusPlus/imgs/S2B_MSIL1C_20170730T141009_N0500_R053_T24WWU_20230901T040701_pB5_6_20_.tif,0.6488,False,no_safe_zip,ic_frac=0.6488
283,/mnt/research/v.gomezgilyaspik/students/smishra/S2-iceberg-areas/S2UnetPlusPlus/imgs/S2A_MSIL1C_20170808T152911_N0500_R111_T22WDB_20230829T170819_pB5_29_32_.tif,0.0002,True,no_safe_zip,pass
284,/mnt/research/v.gomezgilyaspik/students/smishra/S2-iceberg-areas/S2UnetPlusPlus/imgs/S2A_MSIL1C_20210729T145921_N0500_R125_T22WES_20230122T163521_pB5_10_17_.tif,0.0,True,no_safe_zip,pass
285,/mnt/research/v.gomezgilyaspik/students/smishra/S2-iceberg-areas/S2UnetPlusPlus/imgs/S2B_MSIL1C_20170801T144919_N0500_R082_T22WES_20230804T124536_pB5_17_16_.tif,0.0,True,no_safe_zip,pass
286,/mnt/research/v.gomezgilyaspik/students/smishra/S2-iceberg-areas/S2UnetPlusPlus/imgs/S2B_MSIL1C_20180715T140739_N0500_R053_T24WWU_20230712T120037_pB5_27_14_.tif,0.5934,False,no_safe_zip,ic_frac=0.5934
287,/mnt/research/v.gomezgilyaspik/students/smishra/S2-iceberg-areas/S2UnetPlusPlus/imgs/S2A_MSIL1C_20160707T153912_N0500_R011_T22WDB_20231030T140833_pB5_12_36_.tif,0.2713,False,no_safe_zip,ic_frac=0.2713
288,/mnt/research/v.gomezgilyaspik/students/smishra/S2-iceberg-areas/S2UnetPlusPlus/imgs/S2B_MSIL1C_20200704T140739_N0500_R053_T24WWU_20230320T152013_pB5_12_26_.tif,0.0,True,no_safe_zip,pass
289,/mnt/research/v.gomezgilyaspik/students/smishra/S2-iceberg-areas/S2UnetPlusPlus/imgs/S2A_MSIL1C_20210729T145921_N0500_R125_T22WES_20230122T163521_pB5_11_18_.tif,0.0,True,no_safe_zip,pass
290,/mnt/research/v.gomezgilyaspik/students/smishra/S2-iceberg-areas/S2UnetPlusPlus/imgs/S2A_MSIL1C_20230807T152811_N0509_R111_T21WXU_20230807T203245_pB5_11_41_.tif,0.0263,True,no_safe_zip,pass
291,/mnt/research/v.gomezgilyaspik/students/smishra/S2-iceberg-areas/S2UnetPlusPlus/imgs/S2A_MSIL1C_20210729T145921_N0500_R125_T22WES_20230122T163521_pB5_11_17_.tif,0.0,True,no_safe_zip,pass
292,/mnt/research/v.gomezgilyaspik/students/smishra/S2-iceberg-areas/S2UnetPlusPlus/imgs/S2B_MSIL1C_20180824T140729_N0500_R053_T25WER_20230813T110012_pB5_2_7_.tif,0.0,True,no_safe_zip,pass
293,/mnt/research/v.gomezgilyaspik/students/smishra/S2-iceberg-areas/S2UnetPlusPlus/imgs/S2B_MSIL1C_20170730T141009_N0500_R053_T24WWU_20230901T040701_pB5_25_19_.tif,0.1248,True,no_safe_zip,pass
294,/mnt/research/v.gomezgilyaspik/students/smishra/S2-iceberg-areas/S2UnetPlusPlus/imgs/S2A_MSIL1C_20160923T145932_N0500_R125_T22WES_20231006T022513_pB5_12_14_.tif,0.2353,False,no_safe_zip,ic_frac=0.2353
295,/mnt/research/v.gomezgilyaspik/students/smishra/S2-iceberg-areas/S2UnetPlusPlus/imgs/S2A_MSIL1C_20190903T141011_N0500_R053_T24WWU_20230501T094031_pB5_22_10_.tif,0.0,True,no_safe_zip,pass
296,/mnt/research/v.gomezgilyaspik/students/smishra/S2-iceberg-areas/S2UnetPlusPlus/imgs/S2B_MSIL1C_20180824T140729_N0500_R053_T25WER_20230813T110012_pB5_29_9_.tif,0.238,False,no_safe_zip,ic_frac=0.2380
297,/mnt/research/v.gomezgilyaspik/students/smishra/S2-iceberg-areas/S2UnetPlusPlus/imgs/S2B_MSIL1C_20190714T134739_N0500_R110_T25WER_20230528T040828_pB5_39_11_.tif,0.0012,True,no_safe_zip,pass
298,/mnt/research/v.gomezgilyaspik/students/smishra/S2-iceberg-areas/S2UnetPlusPlus/imgs/S2B_MSIL1C_20180715T140739_N0500_R053_T24WWU_20230712T120037_pB5_8_29_.tif,0.0,True,no_safe_zip,pass
299,/mnt/research/v.gomezgilyaspik/students/smishra/S2-iceberg-areas/S2UnetPlusPlus/imgs/S2A_MSIL1C_20160923T145932_N0500_R125_T22WES_20231006T022513_pB5_18_15_.tif,0.0,True,no_safe_zip,pass
300,/mnt/research/v.gomezgilyaspik/students/smishra/S2-iceberg-areas/S2UnetPlusPlus/imgs/S2A_MSIL1C_20190903T141011_N0500_R053_T24WWU_20230501T094031_pB5_8_27_.tif,0.1725,False,no_safe_zip,ic_frac=0.1725
301,/mnt/research/v.gomezgilyaspik/students/smishra/S2-iceberg-areas/S2UnetPlusPlus/imgs/S2B_MSIL1C_20240911T140739_N0511_R053_T24WWU_20240911T160952_pB5_7_17_.tif,0.0,True,no_safe_zip,pass
302,/mnt/research/v.gomezgilyaspik/students/smishra/S2-iceberg-areas/S2UnetPlusPlus/imgs/S2B_MSIL1C_20170801T144919_N0500_R082_T22WES_20230804T124536_pB5_16_14_.tif,0.0,True,no_safe_zip,pass
303,/mnt/research/v.gomezgilyaspik/students/smishra/S2-iceberg-areas/S2UnetPlusPlus/imgs/S2A_MSIL1C_20180730T154911_N0500_R054_T21WXU_20230721T085136_pB5_7_28_.tif,0.0,True,no_safe_zip,pass
304,/mnt/research/v.gomezgilyaspik/students/smishra/S2-iceberg-areas/S2UnetPlusPlus/imgs/S2A_MSIL1C_20240824T140041_N0511_R010_T25WER_20240824T174017_pB5_24_20_.tif,0.0179,True,no_safe_zip,pass
305,/mnt/research/v.gomezgilyaspik/students/smishra/S2-iceberg-areas/S2UnetPlusPlus/imgs/S2B_MSIL1C_20170809T141009_N0500_R053_T24WWU_20230804T231749_pB5_6_26_.tif,0.0,True,no_safe_zip,pass
306,/mnt/research/v.gomezgilyaspik/students/smishra/S2-iceberg-areas/S2UnetPlusPlus/imgs/S2B_MSIL1C_20220714T140739_N0400_R053_T24WWU_20220714T173724_pB4_7_18_.tif,0.0,True,no_safe_zip,pass
307,/mnt/research/v.gomezgilyaspik/students/smishra/S2-iceberg-areas/S2UnetPlusPlus/imgs/S2B_MSIL1C_20170801T144919_N0500_R082_T22WES_20230804T124536_pB5_22_21_.tif,0.0,True,no_safe_zip,pass
308,/mnt/research/v.gomezgilyaspik/students/smishra/S2-iceberg-areas/S2UnetPlusPlus/imgs/S2B_MSIL1C_20170801T144919_N0500_R082_T22WES_20230804T124536_pB5_20_17_.tif,0.0,True,no_safe_zip,pass
309,/mnt/research/v.gomezgilyaspik/students/smishra/S2-iceberg-areas/S2UnetPlusPlus/imgs/S2A_MSIL1C_20160830T151912_N0500_R068_T22WDB_20231020T235443_pB5_5_2_.tif,0.0,True,no_safe_zip,pass
310,/mnt/research/v.gomezgilyaspik/students/smishra/S2-iceberg-areas/S2UnetPlusPlus/imgs/S2B_MSIL1C_20170813T135029_N0500_R110_T25WER_20230830T221846_pB5_21_24_.tif,0.0494,True,no_safe_zip,pass
311,/mnt/research/v.gomezgilyaspik/students/smishra/S2-iceberg-areas/S2UnetPlusPlus/imgs/S2B_MSIL1C_20190809T154819_N0500_R054_T21WXU_20230719T164818_pB5_20_37_.tif,0.0,True,no_safe_zip,pass
312,/mnt/research/v.gomezgilyaspik/students/smishra/S2-iceberg-areas/S2UnetPlusPlus/imgs/S2A_MSIL1C_20240824T140041_N0511_R010_T25WER_20240824T174017_pB5_10_20_.tif,0.0,True,no_safe_zip,pass
313,/mnt/research/v.gomezgilyaspik/students/smishra/S2-iceberg-areas/S2UnetPlusPlus/imgs/S2B_MSIL1C_20210917T140729_N0500_R053_T24WWU_20230115T022255_pB5_7_21_.tif,0.406,False,no_safe_zip,ic_frac=0.4060
314,/mnt/research/v.gomezgilyaspik/students/smishra/S2-iceberg-areas/S2UnetPlusPlus/imgs/S2A_MSIL1C_20180723T141951_N0500_R096_T24WWU_20230628T041823_pB5_7_22_.tif,0.6105,False,no_safe_zip,ic_frac=0.6105
315,/mnt/research/v.gomezgilyaspik/students/smishra/S2-iceberg-areas/S2UnetPlusPlus/imgs/S2A_MSIL1C_20240824T140041_N0511_R010_T25WER_20240824T174017_pB5_19_18_.tif,0.031,True,no_safe_zip,pass
316,/mnt/research/v.gomezgilyaspik/students/smishra/S2-iceberg-areas/S2UnetPlusPlus/imgs/S2A_MSIL1C_20190705T141011_N0500_R053_T24WWU_20230603T191421_pB5_19_21_.tif,0.0,True,no_safe_zip,pass
317,/mnt/research/v.gomezgilyaspik/students/smishra/S2-iceberg-areas/S2UnetPlusPlus/imgs/S2A_MSIL1C_20240824T140041_N0511_R010_T25WER_20240824T174017_pB5_20_27_.tif,0.002,True,no_safe_zip,pass
318,/mnt/research/v.gomezgilyaspik/students/smishra/S2-iceberg-areas/S2UnetPlusPlus/imgs/S2B_MSIL1C_20240911T140739_N0511_R053_T24WWU_20240911T160952_pB5_13_23_.tif,0.0,True,no_safe_zip,pass
319,/mnt/research/v.gomezgilyaspik/students/smishra/S2-iceberg-areas/S2UnetPlusPlus/imgs/S2A_MSIL1C_20160725T145922_N0500_R125_T22WES_20231004T134617_pB5_5_15_.tif,0.0,True,no_safe_zip,pass
320,/mnt/research/v.gomezgilyaspik/students/smishra/S2-iceberg-areas/S2UnetPlusPlus/imgs/S2A_MSIL1C_20210917T145921_N0500_R125_T22WES_20230113T075502_pB5_25_25_.tif,0.0,True,no_safe_zip,pass
321,/mnt/research/v.gomezgilyaspik/students/smishra/S2-iceberg-areas/S2UnetPlusPlus/imgs/S2A_MSIL1C_20190903T141011_N0500_R053_T24WWU_20230501T094031_pB5_16_25_.tif,0.0,True,no_safe_zip,pass
322,/mnt/research/v.gomezgilyaspik/students/smishra/S2-iceberg-areas/S2UnetPlusPlus/imgs/S2B_MSIL1C_20200827T134729_N0500_R110_T25WER_20230402T232045_pB5_38_8_.tif,0.0,True,no_safe_zip,pass
323,/mnt/research/v.gomezgilyaspik/students/smishra/S2-iceberg-areas/S2UnetPlusPlus/imgs/S2A_MSIL1C_20160707T153912_N0500_R011_T22WDB_20231030T140833_pB5_9_35_.tif,0.1465,True,no_safe_zip,pass
324,/mnt/research/v.gomezgilyaspik/students/smishra/S2-iceberg-areas/S2UnetPlusPlus/imgs/S2A_MSIL1C_20160725T145922_N0500_R125_T22WES_20231004T134617_pB5_10_12_.tif,0.2808,False,no_safe_zip,ic_frac=0.2808
325,/mnt/research/v.gomezgilyaspik/students/smishra/S2-iceberg-areas/S2UnetPlusPlus/imgs/S2A_MSIL1C_20160725T145922_N0500_R125_T22WES_20231004T134617_pB5_10_13_.tif,0.3895,False,no_safe_zip,ic_frac=0.3895
326,/mnt/research/v.gomezgilyaspik/students/smishra/S2-iceberg-areas/S2UnetPlusPlus/imgs/S2A_MSIL1C_20160725T145922_N0500_R125_T22WES_20231004T134617_pB5_15_14_.tif,0.0,True,no_safe_zip,pass
327,/mnt/research/v.gomezgilyaspik/students/smishra/S2-iceberg-areas/S2UnetPlusPlus/imgs/S2A_MSIL1C_20160725T145922_N0500_R125_T22WES_20231004T134617_pB5_26_25_.tif,0.0,True,no_safe_zip,pass
328,/mnt/research/v.gomezgilyaspik/students/smishra/S2-iceberg-areas/S2UnetPlusPlus/imgs/S2A_MSIL1C_20160802T141952_N0500_R096_T24WWU_20231001T172901_pB5_7_26_.tif,0.0,True,no_safe_zip,pass
329,/mnt/research/v.gomezgilyaspik/students/smishra/S2-iceberg-areas/S2UnetPlusPlus/imgs/S2A_MSIL1C_20160830T151912_N0500_R068_T22WDB_20231020T235443_pB5_10_40_.tif,0.0,True,no_safe_zip,pass
330,/mnt/research/v.gomezgilyaspik/students/smishra/S2-iceberg-areas/S2UnetPlusPlus/imgs/S2A_MSIL1C_20160923T145932_N0500_R125_T22WES_20231006T022513_pB5_10_12_.tif,0.1834,False,no_safe_zip,ic_frac=0.1834
331,/mnt/research/v.gomezgilyaspik/students/smishra/S2-iceberg-areas/S2UnetPlusPlus/imgs/S2A_MSIL1C_20160923T145932_N0500_R125_T22WES_20231006T022513_pB5_10_16_.tif,0.0,True,no_safe_zip,pass
332,/mnt/research/v.gomezgilyaspik/students/smishra/S2-iceberg-areas/S2UnetPlusPlus/imgs/S2A_MSIL1C_20160923T145932_N0500_R125_T22WES_20231006T022513_pB5_10_17_.tif,0.0,True,no_safe_zip,pass
333,/mnt/research/v.gomezgilyaspik/students/smishra/S2-iceberg-areas/S2UnetPlusPlus/imgs/S2A_MSIL1C_20160923T145932_N0500_R125_T22WES_20231006T022513_pB5_14_14_.tif,0.3156,False,no_safe_zip,ic_frac=0.3156
334,/mnt/research/v.gomezgilyaspik/students/smishra/S2-iceberg-areas/S2UnetPlusPlus/imgs/S2A_MSIL1C_20160923T145932_N0500_R125_T22WES_20231006T022513_pB5_14_15_.tif,0.0,True,no_safe_zip,pass
335,/mnt/research/v.gomezgilyaspik/students/smishra/S2-iceberg-areas/S2UnetPlusPlus/imgs/S2A_MSIL1C_20160923T145932_N0500_R125_T22WES_20231006T022513_pB5_17_15_.tif,0.1714,False,no_safe_zip,ic_frac=0.1714
336,/mnt/research/v.gomezgilyaspik/students/smishra/S2-iceberg-areas/S2UnetPlusPlus/imgs/S2A_MSIL1C_20170710T145911_N0500_R125_T22WES_20230901T062816_pB5_10_17_.tif,0.0,True,no_safe_zip,pass
337,/mnt/research/v.gomezgilyaspik/students/smishra/S2-iceberg-areas/S2UnetPlusPlus/imgs/S2A_MSIL1C_20170710T145911_N0500_R125_T22WES_20230901T062816_pB5_12_18_.tif,0.0,True,no_safe_zip,pass
338,/mnt/research/v.gomezgilyaspik/students/smishra/S2-iceberg-areas/S2UnetPlusPlus/imgs/S2A_MSIL1C_20170710T145911_N0500_R125_T22WES_20230901T062816_pB5_18_17_.tif,0.0,True,no_safe_zip,pass
339,/mnt/research/v.gomezgilyaspik/students/smishra/S2-iceberg-areas/S2UnetPlusPlus/imgs/S2A_MSIL1C_20170815T151911_N0500_R068_T22WDB_20230821T111929_pB5_7_2_.tif,0.0049,True,no_safe_zip,pass
340,/mnt/research/v.gomezgilyaspik/students/smishra/S2-iceberg-areas/S2UnetPlusPlus/imgs/S2A_MSIL1C_20170831T140011_N0500_R010_T25WER_20230831T055412_pB5_27_19_.tif,0.0227,True,no_safe_zip,pass
341,/mnt/research/v.gomezgilyaspik/students/smishra/S2-iceberg-areas/S2UnetPlusPlus/imgs/S2A_MSIL1C_20170913T141001_N0500_R053_T24WWT_20230823T170052_pB5_11_8_.tif,0.0,True,no_safe_zip,pass
342,/mnt/research/v.gomezgilyaspik/students/smishra/S2-iceberg-areas/S2UnetPlusPlus/imgs/S2A_MSIL1C_20190705T141011_N0500_R053_T24WWT_20230603T191421_pB5_10_12_.tif,0.0333,True,no_safe_zip,pass
343,/mnt/research/v.gomezgilyaspik/students/smishra/S2-iceberg-areas/S2UnetPlusPlus/imgs/S2A_MSIL1C_20200822T152911_N0209_R111_T21WXU_20200822T191829_pB2_19_32_.tif,0.0199,True,no_safe_zip,pass
344,/mnt/research/v.gomezgilyaspik/students/smishra/S2-iceberg-areas/S2UnetPlusPlus/imgs/S2A_MSIL1C_20210729T145921_N0500_R125_T22WES_20230122T163521_pB5_24_23_.tif,0.0,True,no_safe_zip,pass
345,/mnt/research/v.gomezgilyaspik/students/smishra/S2-iceberg-areas/S2UnetPlusPlus/imgs/S2A_MSIL1C_20210917T145921_N0500_R125_T22WES_20230113T075502_pB5_21_19_.tif,0.4205,False,no_safe_zip,ic_frac=0.4205
346,/mnt/research/v.gomezgilyaspik/students/smishra/S2-iceberg-areas/S2UnetPlusPlus/imgs/S2B_MSIL1C_20170801T144919_N0500_R082_T22WES_20230804T124536_pB5_19_17_.tif,0.0,True,no_safe_zip,pass
347,/mnt/research/v.gomezgilyaspik/students/smishra/S2-iceberg-areas/S2UnetPlusPlus/imgs/S2B_MSIL1C_20170801T144919_N0500_R082_T22WES_20230804T124536_pB5_23_22_.tif,0.0,True,no_safe_zip,pass
348,/mnt/research/v.gomezgilyaspik/students/smishra/S2-iceberg-areas/S2UnetPlusPlus/imgs/S2B_MSIL1C_20170801T144919_N0500_R082_T22WES_20230804T124536_pB5_5_15_.tif,0.0,True,no_safe_zip,pass
349,/mnt/research/v.gomezgilyaspik/students/smishra/S2-iceberg-areas/S2UnetPlusPlus/imgs/S2B_MSIL1C_20170802T141949_N0500_R096_T24WWU_20230804T130632_pB5_16_21_.tif,0.101,True,no_safe_zip,pass
350,/mnt/research/v.gomezgilyaspik/students/smishra/S2-iceberg-areas/S2UnetPlusPlus/imgs/S2B_MSIL1C_20170809T141009_N0500_R053_T24WWU_20230804T231749_pB5_21_20_.tif,0.1346,True,no_safe_zip,pass
351,/mnt/research/v.gomezgilyaspik/students/smishra/S2-iceberg-areas/S2UnetPlusPlus/imgs/S2B_MSIL1C_20180715T140739_N0500_R053_T24WWU_20230712T120037_pB5_6_14_.tif,0.0,True,no_safe_zip,pass
352,/mnt/research/v.gomezgilyaspik/students/smishra/S2-iceberg-areas/S2UnetPlusPlus/imgs/S2B_MSIL1C_20180824T140729_N0500_R053_T25WER_20230813T110012_pB5_7_13_.tif,0.1142,True,no_safe_zip,pass
353,/mnt/research/v.gomezgilyaspik/students/smishra/S2-iceberg-areas/S2UnetPlusPlus/imgs/S2B_MSIL1C_20180913T140829_N0500_R053_T24WWU_20230707T095241_pB5_8_24_.tif,0.0,True,no_safe_zip,pass
354,/mnt/research/v.gomezgilyaspik/students/smishra/S2-iceberg-areas/S2UnetPlusPlus/imgs/S2B_MSIL1C_20190812T141749_N0500_R096_T24WWU_20230505T121941_pB5_25_21_.tif,0.0,True,no_safe_zip,pass
355,/mnt/research/v.gomezgilyaspik/students/smishra/S2-iceberg-areas/S2UnetPlusPlus/imgs/S2B_MSIL1C_20200717T141739_N0209_R096_T24WWU_20200717T143551_pB2_24_11_.tif,0.0,True,no_safe_zip,pass
356,/mnt/research/v.gomezgilyaspik/students/smishra/S2-iceberg-areas/S2UnetPlusPlus/imgs/S2B_MSIL1C_20200805T144759_N0500_R082_T22WES_20230403T042612_pB5_5_15_.tif,0.0,True,no_safe_zip,pass
357,/mnt/research/v.gomezgilyaspik/students/smishra/S2-iceberg-areas/S2UnetPlusPlus/imgs/S2B_MSIL1C_20200823T140739_N0500_R053_T24WWU_20230321T131119_pB5_30_32_.tif,0.0,True,no_safe_zip,pass
358,/mnt/research/v.gomezgilyaspik/students/smishra/S2-iceberg-areas/S2UnetPlusPlus/imgs/S2B_MSIL1C_20200830T135739_N0500_R010_T25WER_20230321T193340_pB5_35_1_.tif,0.0,True,no_safe_zip,pass
359,/mnt/research/v.gomezgilyaspik/students/smishra/S2-iceberg-areas/S2UnetPlusPlus/imgs/S2B_MSIL1C_20210917T140729_N0500_R053_T24WWU_20230115T022255_pB5_8_22_.tif,0.0,True,no_safe_zip,pass
360,/mnt/research/v.gomezgilyaspik/students/smishra/S2-iceberg-areas/S2UnetPlusPlus/imgs/S2B_MSIL1C_20220714T140739_N0400_R053_T24WWU_20220714T173724_pB4_6_20_.tif,0.504,False,no_safe_zip,ic_frac=0.5040
361,/mnt/research/v.gomezgilyaspik/students/smishra/S2-iceberg-areas/S2UnetPlusPlus/imgs/S2B_MSIL1C_20220912T140739_N0400_R053_T24WWU_20220912T173328_pB4_7_17_.tif,0.0,True,no_safe_zip,pass
362,/mnt/research/v.gomezgilyaspik/students/smishra/S2-iceberg-areas/S2UnetPlusPlus/imgs/S2A_MSIL1C_20190705T141011_N0500_R053_T24WWU_20230603T191421_pB5_6_20_.tif,0.7986,False,no_safe_zip,ic_frac=0.7986
363,/mnt/research/v.gomezgilyaspik/students/smishra/S2-iceberg-areas/S2UnetPlusPlus/imgs/S2A_MSIL1C_20170710T145911_N0500_R125_T22WES_20230901T062816_pB5_26_25_.tif,0.0,True,no_safe_zip,pass
364,/mnt/research/v.gomezgilyaspik/students/smishra/S2-iceberg-areas/S2UnetPlusPlus/imgs/S2A_MSIL1C_20160802T141952_N0500_R096_T24WWU_20231001T172901_pB5_6_26_.tif,0.0,True,no_safe_zip,pass
365,/mnt/research/v.gomezgilyaspik/students/smishra/S2-iceberg-areas/S2UnetPlusPlus/imgs/S2A_MSIL1C_20230807T152811_N0510_R111_T22WDB_20240821T092719_pB5_10_36_.tif,0.3015,False,no_safe_zip,ic_frac=0.3015
366,/mnt/research/v.gomezgilyaspik/students/smishra/S2-iceberg-areas/S2UnetPlusPlus/imgs/S2A_MSIL1C_20190705T141011_N0500_R053_T24WWU_20230603T191421_pB5_6_32_.tif,0.0,True,no_safe_zip,pass
367,/mnt/research/v.gomezgilyaspik/students/smishra/S2-iceberg-areas/S2UnetPlusPlus/imgs/S2A_MSIL1C_20160823T135032_N0500_R110_T25WER_20230929T041536_pB5_10_23_.tif,0.0,True,no_safe_zip,pass
368,/mnt/research/v.gomezgilyaspik/students/smishra/S2-iceberg-areas/S2UnetPlusPlus/imgs/S2A_MSIL1C_20160731T151912_N0500_R068_T22WDC_20231007T093618_pB5_16_38_.tif,0.0,True,no_safe_zip,pass
369,/mnt/research/v.gomezgilyaspik/students/smishra/S2-iceberg-areas/S2UnetPlusPlus/imgs/S2B_MSIL1C_20240727T152809_N0511_R111_T22WDC_20240727T172749_pB5_13_30_.tif,0.0,True,no_safe_zip,pass
370,/mnt/research/v.gomezgilyaspik/students/smishra/S2-iceberg-areas/S2UnetPlusPlus/imgs/S2A_MSIL1C_20170808T152911_N0500_R111_T22WDB_20230829T170819_pB5_11_38_.tif,0.0,True,no_safe_zip,pass
371,/mnt/research/v.gomezgilyaspik/students/smishra/S2-iceberg-areas/S2UnetPlusPlus/imgs/S2A_MSIL1C_20160725T145922_N0500_R125_T22WES_20231004T134617_pB5_10_16_.tif,0.0,True,no_safe_zip,pass
372,/mnt/research/v.gomezgilyaspik/students/smishra/S2-iceberg-areas/S2UnetPlusPlus/imgs/S2A_MSIL1C_20170710T145911_N0500_R125_T22WES_20230901T062816_pB5_20_17_.tif,0.0,True,no_safe_zip,pass
373,/mnt/research/v.gomezgilyaspik/students/smishra/S2-iceberg-areas/S2UnetPlusPlus/imgs/S2A_MSIL1C_20210830T140021_N0500_R010_T25WES_20230121T132724_pB5_36_1_.tif,0.0,True,no_safe_zip,pass
374,/mnt/research/v.gomezgilyaspik/students/smishra/S2-iceberg-areas/S2UnetPlusPlus/imgs/S2A_MSIL1C_20170710T145911_N0500_R125_T22WES_20230901T062816_pB5_11_17_.tif,0.0,True,no_safe_zip,pass
375,/mnt/research/v.gomezgilyaspik/students/smishra/S2-iceberg-areas/S2UnetPlusPlus/imgs/S2B_MSIL1C_20200704T140739_N0500_R053_T24WWU_20230320T152013_pB5_23_11_.tif,0.0,True,no_safe_zip,pass
376,/mnt/research/v.gomezgilyaspik/students/smishra/S2-iceberg-areas/S2UnetPlusPlus/imgs/S2A_MSIL1C_20200825T140021_N0209_R010_T25WER_20200825T174728_pB2_14_13_.tif,0.0397,True,no_safe_zip,pass
377,/mnt/research/v.gomezgilyaspik/students/smishra/S2-iceberg-areas/S2UnetPlusPlus/imgs/S2A_MSIL1C_20160725T145922_N0500_R125_T22WES_20231004T134617_pB5_19_17_.tif,0.0,True,no_safe_zip,pass
378,/mnt/research/v.gomezgilyaspik/students/smishra/S2-iceberg-areas/S2UnetPlusPlus/imgs/S2A_MSIL1C_20170710T145911_N0500_R125_T22WES_20230901T062816_pB5_19_17_.tif,0.0,True,no_safe_zip,pass
379,/mnt/research/v.gomezgilyaspik/students/smishra/S2-iceberg-areas/S2UnetPlusPlus/imgs/S2A_MSIL1C_20210729T145921_N0500_R125_T22WES_20230122T163521_pB5_5_15_.tif,0.0,True,no_safe_zip,pass
380,/mnt/research/v.gomezgilyaspik/students/smishra/S2-iceberg-areas/S2UnetPlusPlus/imgs/S2B_MSIL1C_20190714T134739_N0500_R110_T25WER_20230528T040828_pB5_27_33_.tif,0.0024,True,no_safe_zip,pass
381,/mnt/research/v.gomezgilyaspik/students/smishra/S2-iceberg-areas/S2UnetPlusPlus/imgs/S2A_MSIL1C_20170831T140011_N0500_R010_T25WER_20230831T055412_pB5_4_9_.tif,0.2776,False,no_safe_zip,ic_frac=0.2776
382,/mnt/research/v.gomezgilyaspik/students/smishra/S2-iceberg-areas/S2UnetPlusPlus/imgs/S2B_MSIL1C_20190819T140739_N0500_R053_T25WES_20230512T221421_pB5_35_7_.tif,0.0,True,no_safe_zip,pass
383,/mnt/research/v.gomezgilyaspik/students/smishra/S2-iceberg-areas/S2UnetPlusPlus/imgs/S2A_MSIL1C_20160725T145922_N0500_R125_T22WES_20231004T134617_pB5_12_14_.tif,0.1284,True,no_safe_zip,pass
384,/mnt/research/v.gomezgilyaspik/students/smishra/S2-iceberg-areas/S2UnetPlusPlus/imgs/S2A_MSIL1C_20210729T145921_N0500_R125_T22WES_20230122T163521_pB5_9_9_.tif,0.0,True,no_safe_zip,pass
385,/mnt/research/v.gomezgilyaspik/students/smishra/S2-iceberg-areas/S2UnetPlusPlus/imgs/S2B_MSIL1C_20220714T140739_N0400_R053_T24WWU_20220714T173724_pB4_11_27_.tif,0.0,True,no_safe_zip,pass
386,/mnt/research/v.gomezgilyaspik/students/smishra/S2-iceberg-areas/S2UnetPlusPlus/imgs/S2A_MSIL1C_20160725T145922_N0500_R125_T22WES_20231004T134617_pB5_21_18_.tif,0.0,True,no_safe_zip,pass
387,/mnt/research/v.gomezgilyaspik/students/smishra/S2-iceberg-areas/S2UnetPlusPlus/imgs/S2A_MSIL1C_20170710T145911_N0500_R125_T22WES_20230901T062816_pB5_25_24_.tif,0.0,True,no_safe_zip,pass
388,/mnt/research/v.gomezgilyaspik/students/smishra/S2-iceberg-areas/S2UnetPlusPlus/imgs/S2B_MSIL1C_20210917T140729_N0500_R053_T24WWU_20230115T022255_pB5_11_24_.tif,0.0,True,no_safe_zip,pass
389,/mnt/research/v.gomezgilyaspik/students/smishra/S2-iceberg-areas/S2UnetPlusPlus/imgs/S2A_MSIL1C_20200822T152911_N0209_R111_T21WXU_20200822T191829_pB2_28_40_.tif,0.0,True,no_safe_zip,pass
390,/mnt/research/v.gomezgilyaspik/students/smishra/S2-iceberg-areas/S2UnetPlusPlus/imgs/S2A_MSIL1C_20190903T141011_N0500_R053_T24WWU_20230501T094031_pB5_8_26_.tif,0.1612,False,no_safe_zip,ic_frac=0.1612
391,/mnt/research/v.gomezgilyaspik/students/smishra/S2-iceberg-areas/S2UnetPlusPlus/imgs/S2A_MSIL1C_20210729T145921_N0500_R125_T22WES_20230122T163521_pB5_12_18_.tif,0.0,True,no_safe_zip,pass
392,/mnt/research/v.gomezgilyaspik/students/smishra/S2-iceberg-areas/S2UnetPlusPlus/imgs/S2A_MSIL1C_20170710T145911_N0500_R125_T22WES_20230901T062816_pB5_22_19_.tif,0.0,True,no_safe_zip,pass
393,/mnt/research/v.gomezgilyaspik/students/smishra/S2-iceberg-areas/S2UnetPlusPlus/imgs/S2A_MSIL1C_20160923T145932_N0500_R125_T22WES_20231006T022513_pB5_22_20_.tif,0.0,True,no_safe_zip,pass
394,/mnt/research/v.gomezgilyaspik/students/smishra/S2-iceberg-areas/S2UnetPlusPlus/imgs/S2A_MSIL1C_20170710T145911_N0500_R125_T22WES_20230901T062816_pB5_18_16_.tif,0.3788,False,no_safe_zip,ic_frac=0.3788
395,/mnt/research/v.gomezgilyaspik/students/smishra/S2-iceberg-areas/S2UnetPlusPlus/imgs/S2B_MSIL1C_20210729T140739_N0500_R053_T25WES_20230123T052415_pB5_35_1_.tif,0.0,True,no_safe_zip,pass
396,/mnt/research/v.gomezgilyaspik/students/smishra/S2-iceberg-areas/S2UnetPlusPlus/imgs/S2B_MSIL1C_20240911T140739_N0511_R053_T24WWU_20240911T160952_pB5_18_20_.tif,0.0191,True,no_safe_zip,pass
397,/mnt/research/v.gomezgilyaspik/students/smishra/S2-iceberg-areas/S2UnetPlusPlus/imgs/S2A_MSIL1C_20160923T145932_N0500_R125_T22WES_20231006T022513_pB5_24_24_.tif,0.0,True,no_safe_zip,pass
